item_id,judge_provider,paper_model_label,judge_model_requested,actual_api_model,judge_model_returned,judge_model,fa,cc,lc,tf,mq,risk,judge_quality_composite,parse_success,retry_count,http_status,usage_prompt_tokens,usage_completion_tokens,system_fingerprint_or_backend_id,version,concept_key,source_item_id,material_no,question_code,visible_text_sha256
rb18_185f4218daf7,anthropic,Claude Sonnet 4.6,claude-sonnet-4-6,claude-sonnet-4-6,claude-sonnet-4-6,claude-sonnet-4-6,3,2,4,3,3,3,3.0,True,0,200,1245,134,,A,adaptation,reader_A_05,5,Q17,185f4218daf7d457e8505e8d7c8c58de0a93df6d333be7c1428c8d5f452aae1d
rb18_185f4218daf7,deepseek,DeepSeek-V4 Expert Mode,deepseek-v4,deepseek-v4-pro,deepseek-v4-pro,deepseek-v4,3,2,4,4,4,2,3.4,True,0,200,801,101,fp_9954b31ca7_prod0820_fp8_kvcache_20260402,A,adaptation,reader_A_05,5,Q17,185f4218daf7d457e8505e8d7c8c58de0a93df6d333be7c1428c8d5f452aae1d
rb18_185f4218daf7,doubao,Doubao 2.0 Pro,doubao-seed-2-0-pro-260215,doubao-seed-2-0-pro-260215,doubao-seed-2-0-pro-260215,doubao-seed-2-0-pro-260215,4,3,5,4,4,2,4.0,True,0,200,936,139,,A,adaptation,reader_A_05,5,Q17,185f4218daf7d457e8505e8d7c8c58de0a93df6d333be7c1428c8d5f452aae1d
rb18_185f4218daf7,gemini,Gemini 3.1 Pro,gemini-3.1-pro,gemini-3.1-pro-preview,gemini-3.1-pro-preview,gemini-3.1-pro,5,4,5,5,5,1,4.8,True,0,200,895,129,gemini-3.1-pro-preview,A,adaptation,reader_A_05,5,Q17,185f4218daf7d457e8505e8d7c8c58de0a93df6d333be7c1428c8d5f452aae1d
rb18_185f4218daf7,glm,GLM-5.1,glm-5.1,glm-5.1,glm-5.1,glm-5.1,5,3,5,3,5,1,4.2,True,0,200,862,1150,,A,adaptation,reader_A_05,5,Q17,185f4218daf7d457e8505e8d7c8c58de0a93df6d333be7c1428c8d5f452aae1d
rb18_185f4218daf7,kimi,Kimi K2.6 Thinking,kimi-k2.6-thinking,kimi-k2.6,kimi-k2.6,kimi-k2.6-thinking,5,3,5,4,5,1,4.4,True,0,200,796,2412,fpv0_e68c0644,A,adaptation,reader_A_05,5,Q17,185f4218daf7d457e8505e8d7c8c58de0a93df6d333be7c1428c8d5f452aae1d
rb18_185f4218daf7,mimo,Mimo v2.5 Pro,mimo-v2.5-pro,mimo-v2.5-pro,mimo-v2.5-pro,mimo-v2.5-pro,4,3,4,4,4,2,3.8,True,0,200,848,110,,A,adaptation,reader_A_05,5,Q17,185f4218daf7d457e8505e8d7c8c58de0a93df6d333be7c1428c8d5f452aae1d
rb18_185f4218daf7,openai,GPT-5.5 Thinking,gpt-5.5,gpt-5.5,gpt-5.5-2026-04-23,gpt-5.5,4,3,5,4,5,2,4.2,True,0,200,1088,596,,A,adaptation,reader_A_05,5,Q17,185f4218daf7d457e8505e8d7c8c58de0a93df6d333be7c1428c8d5f452aae1d
rb18_185f4218daf7,qwen,Qwen3.5 Thinking,qwen3.5-plus,qwen3.5-plus,qwen3.5-plus,qwen3.5-plus,5,4,5,5,5,1,4.8,True,0,200,862,377,,A,adaptation,reader_A_05,5,Q17,185f4218daf7d457e8505e8d7c8c58de0a93df6d333be7c1428c8d5f452aae1d
rb18_13c2377f8265,anthropic,Claude Sonnet 4.6,claude-sonnet-4-6,claude-sonnet-4-6,claude-sonnet-4-6,claude-sonnet-4-6,4,3,5,4,4,2,4.0,True,0,200,1274,129,,B,adaptation,reader_B_05,5,Q17,13c2377f8265a12ebc6d75efde2cab38e9c9ef8018a54ef26e95f7561750769b
rb18_13c2377f8265,deepseek,DeepSeek-V4 Expert Mode,deepseek-v4,deepseek-v4-pro,deepseek-v4-pro,deepseek-v4,4,3,5,5,4,1,4.2,True,0,200,818,101,fp_9954b31ca7_prod0820_fp8_kvcache_20260402,B,adaptation,reader_B_05,5,Q17,13c2377f8265a12ebc6d75efde2cab38e9c9ef8018a54ef26e95f7561750769b
rb18_13c2377f8265,doubao,Doubao 2.0 Pro,doubao-seed-2-0-pro-260215,doubao-seed-2-0-pro-260215,doubao-seed-2-0-pro-260215,doubao-seed-2-0-pro-260215,5,3,5,5,5,1,4.6,True,0,200,962,140,,B,adaptation,reader_B_05,5,Q17,13c2377f8265a12ebc6d75efde2cab38e9c9ef8018a54ef26e95f7561750769b
rb18_13c2377f8265,gemini,Gemini 3.1 Pro,gemini-3.1-pro,gemini-3.1-pro-preview,gemini-3.1-pro-preview,gemini-3.1-pro,5,5,5,5,5,1,5.0,True,0,200,918,131,gemini-3.1-pro-preview,B,adaptation,reader_B_05,5,Q17,13c2377f8265a12ebc6d75efde2cab38e9c9ef8018a54ef26e95f7561750769b
rb18_13c2377f8265,glm,GLM-5.1,glm-5.1,glm-5.1,glm-5.1,glm-5.1,5,5,5,5,5,1,5.0,True,0,200,883,939,,B,adaptation,reader_B_05,5,Q17,13c2377f8265a12ebc6d75efde2cab38e9c9ef8018a54ef26e95f7561750769b
rb18_13c2377f8265,kimi,Kimi K2.6 Thinking,kimi-k2.6-thinking,kimi-k2.6,kimi-k2.6,kimi-k2.6-thinking,5,3,5,5,5,1,4.6,True,0,200,812,2381,fpv0_81006e3b,B,adaptation,reader_B_05,5,Q17,13c2377f8265a12ebc6d75efde2cab38e9c9ef8018a54ef26e95f7561750769b
rb18_13c2377f8265,mimo,Mimo v2.5 Pro,mimo-v2.5-pro,mimo-v2.5-pro,mimo-v2.5-pro,mimo-v2.5-pro,5,4,5,5,5,1,4.8,True,0,200,869,112,,B,adaptation,reader_B_05,5,Q17,13c2377f8265a12ebc6d75efde2cab38e9c9ef8018a54ef26e95f7561750769b
rb18_13c2377f8265,openai,GPT-5.5 Thinking,gpt-5.5,gpt-5.5,gpt-5.5-2026-04-23,gpt-5.5,5,4,5,5,5,1,4.8,True,0,200,1112,546,,B,adaptation,reader_B_05,5,Q17,13c2377f8265a12ebc6d75efde2cab38e9c9ef8018a54ef26e95f7561750769b
rb18_13c2377f8265,qwen,Qwen3.5 Thinking,qwen3.5-plus,qwen3.5-plus,qwen3.5-plus,qwen3.5-plus,5,4,5,5,5,1,4.8,True,0,200,884,379,,B,adaptation,reader_B_05,5,Q17,13c2377f8265a12ebc6d75efde2cab38e9c9ef8018a54ef26e95f7561750769b
rb18_931de414d2e0,anthropic,Claude Sonnet 4.6,claude-sonnet-4-6,claude-sonnet-4-6,claude-sonnet-4-6,claude-sonnet-4-6,4,3,5,4,4,2,4.0,True,0,200,1322,129,,C,adaptation,reader_C_05,5,Q17,931de414d2e0b2b70b49ebd634c052be8ab2715a134bb24f64ac30ce8314f5e7
rb18_931de414d2e0,deepseek,DeepSeek-V4 Expert Mode,deepseek-v4,deepseek-v4-pro,deepseek-v4-pro,deepseek-v4,4,3,4,4,4,2,3.8,True,0,200,844,101,fp_9954b31ca7_prod0820_fp8_kvcache_20260402,C,adaptation,reader_C_05,5,Q17,931de414d2e0b2b70b49ebd634c052be8ab2715a134bb24f64ac30ce8314f5e7
rb18_931de414d2e0,doubao,Doubao 2.0 Pro,doubao-seed-2-0-pro-260215,doubao-seed-2-0-pro-260215,doubao-seed-2-0-pro-260215,doubao-seed-2-0-pro-260215,5,4,5,5,5,1,4.8,True,0,200,979,139,,C,adaptation,reader_C_05,5,Q17,931de414d2e0b2b70b49ebd634c052be8ab2715a134bb24f64ac30ce8314f5e7
rb18_931de414d2e0,gemini,Gemini 3.1 Pro,gemini-3.1-pro,gemini-3.1-pro-preview,gemini-3.1-pro-preview,gemini-3.1-pro,5,5,5,5,5,1,5.0,True,0,200,951,130,gemini-3.1-pro-preview,C,adaptation,reader_C_05,5,Q17,931de414d2e0b2b70b49ebd634c052be8ab2715a134bb24f64ac30ce8314f5e7
rb18_931de414d2e0,glm,GLM-5.1,glm-5.1,glm-5.1,glm-5.1,glm-5.1,5,5,5,5,5,1,5.0,True,0,200,913,1044,,C,adaptation,reader_C_05,5,Q17,931de414d2e0b2b70b49ebd634c052be8ab2715a134bb24f64ac30ce8314f5e7
rb18_931de414d2e0,kimi,Kimi K2.6 Thinking,kimi-k2.6-thinking,kimi-k2.6,kimi-k2.6,kimi-k2.6-thinking,5,5,5,5,5,1,5.0,True,0,200,837,1918,fpv0_81006e3b,C,adaptation,reader_C_05,5,Q17,931de414d2e0b2b70b49ebd634c052be8ab2715a134bb24f64ac30ce8314f5e7
rb18_931de414d2e0,mimo,Mimo v2.5 Pro,mimo-v2.5-pro,mimo-v2.5-pro,mimo-v2.5-pro,mimo-v2.5-pro,5,4,5,5,5,1,4.8,True,0,200,900,111,,C,adaptation,reader_C_05,5,Q17,931de414d2e0b2b70b49ebd634c052be8ab2715a134bb24f64ac30ce8314f5e7
rb18_931de414d2e0,openai,GPT-5.5 Thinking,gpt-5.5,gpt-5.5,gpt-5.5-2026-04-23,gpt-5.5,5,5,5,5,5,1,5.0,True,0,200,1147,584,,C,adaptation,reader_C_05,5,Q17,931de414d2e0b2b70b49ebd634c052be8ab2715a134bb24f64ac30ce8314f5e7
rb18_931de414d2e0,qwen,Qwen3.5 Thinking,qwen3.5-plus,qwen3.5-plus,qwen3.5-plus,qwen3.5-plus,5,4,5,5,5,1,4.8,True,0,200,908,378,,C,adaptation,reader_C_05,5,Q17,931de414d2e0b2b70b49ebd634c052be8ab2715a134bb24f64ac30ce8314f5e7
rb18_a91dc810f662,anthropic,Claude Sonnet 4.6,claude-sonnet-4-6,claude-sonnet-4-6,claude-sonnet-4-6,claude-sonnet-4-6,4,2,5,4,3,3,3.6,True,0,200,1232,133,,A,evolution_no_goal,reader_A_02,2,Q14,a91dc810f66283998586f55616d913a8f5c33184e1043a8452f0e63b518c5587
rb18_a91dc810f662,deepseek,DeepSeek-V4 Expert Mode,deepseek-v4,deepseek-v4-pro,deepseek-v4-pro,deepseek-v4,4,3,4,4,4,2,3.8,True,0,200,792,99,fp_9954b31ca7_prod0820_fp8_kvcache_20260402,A,evolution_no_goal,reader_A_02,2,Q14,a91dc810f66283998586f55616d913a8f5c33184e1043a8452f0e63b518c5587
rb18_a91dc810f662,doubao,Doubao 2.0 Pro,doubao-seed-2-0-pro-260215,doubao-seed-2-0-pro-260215,doubao-seed-2-0-pro-260215,doubao-seed-2-0-pro-260215,5,3,5,4,5,2,4.4,True,0,200,932,138,,A,evolution_no_goal,reader_A_02,2,Q14,a91dc810f66283998586f55616d913a8f5c33184e1043a8452f0e63b518c5587
rb18_a91dc810f662,gemini,Gemini 3.1 Pro,gemini-3.1-pro,gemini-3.1-pro-preview,gemini-3.1-pro-preview,gemini-3.1-pro,5,4,5,5,5,1,4.8,True,1,200,894,130,gemini-3.1-pro-preview,A,evolution_no_goal,reader_A_02,2,Q14,a91dc810f66283998586f55616d913a8f5c33184e1043a8452f0e63b518c5587
rb18_a91dc810f662,glm,GLM-5.1,glm-5.1,glm-5.1,glm-5.1,glm-5.1,5,4,5,5,5,1,4.8,True,0,200,858,1141,,A,evolution_no_goal,reader_A_02,2,Q14,a91dc810f66283998586f55616d913a8f5c33184e1043a8452f0e63b518c5587
rb18_a91dc810f662,kimi,Kimi K2.6 Thinking,kimi-k2.6-thinking,kimi-k2.6,kimi-k2.6,kimi-k2.6-thinking,3,3,5,4,4,1,3.8,True,0,200,787,2260,fpv0_e68c0644,A,evolution_no_goal,reader_A_02,2,Q14,a91dc810f66283998586f55616d913a8f5c33184e1043a8452f0e63b518c5587
rb18_a91dc810f662,mimo,Mimo v2.5 Pro,mimo-v2.5-pro,mimo-v2.5-pro,mimo-v2.5-pro,mimo-v2.5-pro,5,3,5,5,4,1,4.4,True,0,200,844,110,,A,evolution_no_goal,reader_A_02,2,Q14,a91dc810f66283998586f55616d913a8f5c33184e1043a8452f0e63b518c5587
rb18_a91dc810f662,openai,GPT-5.5 Thinking,gpt-5.5,gpt-5.5,gpt-5.5-2026-04-23,gpt-5.5,4,4,5,5,5,1,4.6,True,0,200,1080,595,,A,evolution_no_goal,reader_A_02,2,Q14,a91dc810f66283998586f55616d913a8f5c33184e1043a8452f0e63b518c5587
rb18_a91dc810f662,qwen,Qwen3.5 Thinking,qwen3.5-plus,qwen3.5-plus,qwen3.5-plus,qwen3.5-plus,5,3,5,5,5,1,4.6,True,0,200,856,377,,A,evolution_no_goal,reader_A_02,2,Q14,a91dc810f66283998586f55616d913a8f5c33184e1043a8452f0e63b518c5587
rb18_06a41a675601,anthropic,Claude Sonnet 4.6,claude-sonnet-4-6,claude-sonnet-4-6,claude-sonnet-4-6,claude-sonnet-4-6,5,3,5,4,4,1,4.2,True,0,200,1288,133,,B,evolution_no_goal,reader_B_02,2,Q14,06a41a6756015352844d09343bec7398a7a4e630bfc5afae549dc9af984af3dc
rb18_06a41a675601,deepseek,DeepSeek-V4 Expert Mode,deepseek-v4,deepseek-v4-pro,deepseek-v4-pro,deepseek-v4,4,3,4,4,3,2,3.6,True,0,200,824,100,fp_9954b31ca7_prod0820_fp8_kvcache_20260402,B,evolution_no_goal,reader_B_02,2,Q14,06a41a6756015352844d09343bec7398a7a4e630bfc5afae549dc9af984af3dc
rb18_06a41a675601,doubao,Doubao 2.0 Pro,doubao-seed-2-0-pro-260215,doubao-seed-2-0-pro-260215,doubao-seed-2-0-pro-260215,doubao-seed-2-0-pro-260215,5,4,5,5,5,1,4.8,True,0,200,970,140,,B,evolution_no_goal,reader_B_02,2,Q14,06a41a6756015352844d09343bec7398a7a4e630bfc5afae549dc9af984af3dc
rb18_06a41a675601,gemini,Gemini 3.1 Pro,gemini-3.1-pro,gemini-3.1-pro-preview,gemini-3.1-pro-preview,gemini-3.1-pro,5,5,5,5,5,1,5.0,True,0,200,927,91,gemini-3.1-pro-preview,B,evolution_no_goal,reader_B_02,2,Q14,06a41a6756015352844d09343bec7398a7a4e630bfc5afae549dc9af984af3dc
rb18_06a41a675601,glm,GLM-5.1,glm-5.1,glm-5.1,glm-5.1,glm-5.1,5,5,5,5,5,1,5.0,True,0,200,889,963,,B,evolution_no_goal,reader_B_02,2,Q14,06a41a6756015352844d09343bec7398a7a4e630bfc5afae549dc9af984af3dc
rb18_06a41a675601,kimi,Kimi K2.6 Thinking,kimi-k2.6-thinking,kimi-k2.6,kimi-k2.6,kimi-k2.6-thinking,5,5,5,5,5,1,5.0,True,0,200,817,2537,fpv0_e68c0644,B,evolution_no_goal,reader_B_02,2,Q14,06a41a6756015352844d09343bec7398a7a4e630bfc5afae549dc9af984af3dc
rb18_06a41a675601,mimo,Mimo v2.5 Pro,mimo-v2.5-pro,mimo-v2.5-pro,mimo-v2.5-pro,mimo-v2.5-pro,5,4,5,5,5,1,4.8,True,0,200,881,112,,B,evolution_no_goal,reader_B_02,2,Q14,06a41a6756015352844d09343bec7398a7a4e630bfc5afae549dc9af984af3dc
rb18_06a41a675601,openai,GPT-5.5 Thinking,gpt-5.5,gpt-5.5,gpt-5.5-2026-04-23,gpt-5.5,5,5,5,5,5,1,5.0,True,0,200,1127,293,,B,evolution_no_goal,reader_B_02,2,Q14,06a41a6756015352844d09343bec7398a7a4e630bfc5afae549dc9af984af3dc
rb18_06a41a675601,qwen,Qwen3.5 Thinking,qwen3.5-plus,qwen3.5-plus,qwen3.5-plus,qwen3.5-plus,5,4,5,5,5,1,4.8,True,0,200,891,379,,B,evolution_no_goal,reader_B_02,2,Q14,06a41a6756015352844d09343bec7398a7a4e630bfc5afae549dc9af984af3dc
rb18_479be42075e3,anthropic,Claude Sonnet 4.6,claude-sonnet-4-6,claude-sonnet-4-6,claude-sonnet-4-6,claude-sonnet-4-6,5,4,5,5,5,1,4.8,True,0,200,1308,133,,C,evolution_no_goal,reader_C_02,2,Q14,479be42075e3821668e0731653e5211b34c78db32b5486711ec20df04afef4e4
rb18_479be42075e3,deepseek,DeepSeek-V4 Expert Mode,deepseek-v4,deepseek-v4-pro,deepseek-v4-pro,deepseek-v4,4,3,5,5,4,1,4.2,True,0,200,841,100,fp_9954b31ca7_prod0820_fp8_kvcache_20260402,C,evolution_no_goal,reader_C_02,2,Q14,479be42075e3821668e0731653e5211b34c78db32b5486711ec20df04afef4e4
rb18_479be42075e3,doubao,Doubao 2.0 Pro,doubao-seed-2-0-pro-260215,doubao-seed-2-0-pro-260215,doubao-seed-2-0-pro-260215,doubao-seed-2-0-pro-260215,5,4,5,5,5,1,4.8,True,0,200,985,139,,C,evolution_no_goal,reader_C_02,2,Q14,479be42075e3821668e0731653e5211b34c78db32b5486711ec20df04afef4e4
rb18_479be42075e3,gemini,Gemini 3.1 Pro,gemini-3.1-pro,gemini-3.1-pro-preview,gemini-3.1-pro-preview,gemini-3.1-pro,5,5,5,5,5,1,5.0,True,0,200,944,130,gemini-3.1-pro-preview,C,evolution_no_goal,reader_C_02,2,Q14,479be42075e3821668e0731653e5211b34c78db32b5486711ec20df04afef4e4
rb18_479be42075e3,glm,GLM-5.1,glm-5.1,glm-5.1,glm-5.1,glm-5.1,5,5,5,5,5,1,5.0,True,0,200,902,1132,,C,evolution_no_goal,reader_C_02,2,Q14,479be42075e3821668e0731653e5211b34c78db32b5486711ec20df04afef4e4
rb18_479be42075e3,kimi,Kimi K2.6 Thinking,kimi-k2.6-thinking,kimi-k2.6,kimi-k2.6,kimi-k2.6-thinking,5,5,5,5,5,1,5.0,True,0,200,832,1072,fpv0_81006e3b,C,evolution_no_goal,reader_C_02,2,Q14,479be42075e3821668e0731653e5211b34c78db32b5486711ec20df04afef4e4
rb18_479be42075e3,mimo,Mimo v2.5 Pro,mimo-v2.5-pro,mimo-v2.5-pro,mimo-v2.5-pro,mimo-v2.5-pro,5,5,5,5,5,1,5.0,True,0,200,893,111,,C,evolution_no_goal,reader_C_02,2,Q14,479be42075e3821668e0731653e5211b34c78db32b5486711ec20df04afef4e4
rb18_479be42075e3,openai,GPT-5.5 Thinking,gpt-5.5,gpt-5.5,gpt-5.5-2026-04-23,gpt-5.5,5,4,5,5,5,1,4.8,True,0,200,1142,426,,C,evolution_no_goal,reader_C_02,2,Q14,479be42075e3821668e0731653e5211b34c78db32b5486711ec20df04afef4e4
rb18_479be42075e3,qwen,Qwen3.5 Thinking,qwen3.5-plus,qwen3.5-plus,qwen3.5-plus,qwen3.5-plus,5,4,5,5,5,1,4.8,True,0,200,904,378,,C,evolution_no_goal,reader_C_02,2,Q14,479be42075e3821668e0731653e5211b34c78db32b5486711ec20df04afef4e4
rb18_bbbb5f43784f,anthropic,Claude Sonnet 4.6,claude-sonnet-4-6,claude-sonnet-4-6,claude-sonnet-4-6,claude-sonnet-4-6,4,2,5,3,2,3,3.2,True,0,200,1246,134,,A,geological_time,reader_A_03,3,Q15,bbbb5f43784f809c198b104ab9205311fb588b4df34fbc7cc1dbc87c9c90af1a
rb18_bbbb5f43784f,deepseek,DeepSeek-V4 Expert Mode,deepseek-v4,deepseek-v4-pro,deepseek-v4-pro,deepseek-v4,4,2,5,4,3,2,3.6,True,0,200,803,101,fp_9954b31ca7_prod0820_fp8_kvcache_20260402,A,geological_time,reader_A_03,3,Q15,bbbb5f43784f809c198b104ab9205311fb588b4df34fbc7cc1dbc87c9c90af1a
rb18_bbbb5f43784f,doubao,Doubao 2.0 Pro,doubao-seed-2-0-pro-260215,doubao-seed-2-0-pro-260215,doubao-seed-2-0-pro-260215,doubao-seed-2-0-pro-260215,4,2,5,3,3,2,3.4,True,0,200,934,137,,A,geological_time,reader_A_03,3,Q15,bbbb5f43784f809c198b104ab9205311fb588b4df34fbc7cc1dbc87c9c90af1a
rb18_bbbb5f43784f,gemini,Gemini 3.1 Pro,gemini-3.1-pro,gemini-3.1-pro-preview,gemini-3.1-pro-preview,gemini-3.1-pro,5,4,5,5,4,1,4.6,True,0,200,900,88,gemini-3.1-pro-preview,A,geological_time,reader_A_03,3,Q15,bbbb5f43784f809c198b104ab9205311fb588b4df34fbc7cc1dbc87c9c90af1a
rb18_bbbb5f43784f,glm,GLM-5.1,glm-5.1,glm-5.1,glm-5.1,glm-5.1,5,4,5,5,4,1,4.6,True,0,200,864,1278,,A,geological_time,reader_A_03,3,Q15,bbbb5f43784f809c198b104ab9205311fb588b4df34fbc7cc1dbc87c9c90af1a
rb18_bbbb5f43784f,kimi,Kimi K2.6 Thinking,kimi-k2.6-thinking,kimi-k2.6,kimi-k2.6,kimi-k2.6-thinking,5,3,5,3,3,1,3.8,True,0,200,793,2452,fpv0_81006e3b,A,geological_time,reader_A_03,3,Q15,bbbb5f43784f809c198b104ab9205311fb588b4df34fbc7cc1dbc87c9c90af1a
rb18_bbbb5f43784f,mimo,Mimo v2.5 Pro,mimo-v2.5-pro,mimo-v2.5-pro,mimo-v2.5-pro,mimo-v2.5-pro,3,2,4,3,3,2,3.0,True,0,200,849,109,,A,geological_time,reader_A_03,3,Q15,bbbb5f43784f809c198b104ab9205311fb588b4df34fbc7cc1dbc87c9c90af1a
rb18_bbbb5f43784f,openai,GPT-5.5 Thinking,gpt-5.5,gpt-5.5,gpt-5.5-2026-04-23,gpt-5.5,4,3,5,4,4,2,4.0,True,0,200,1088,398,,A,geological_time,reader_A_03,3,Q15,bbbb5f43784f809c198b104ab9205311fb588b4df34fbc7cc1dbc87c9c90af1a
rb18_bbbb5f43784f,qwen,Qwen3.5 Thinking,qwen3.5-plus,qwen3.5-plus,qwen3.5-plus,qwen3.5-plus,5,3,5,5,4,1,4.4,True,0,200,861,376,,A,geological_time,reader_A_03,3,Q15,bbbb5f43784f809c198b104ab9205311fb588b4df34fbc7cc1dbc87c9c90af1a
rb18_45570a054b7e,anthropic,Claude Sonnet 4.6,claude-sonnet-4-6,claude-sonnet-4-6,claude-sonnet-4-6,claude-sonnet-4-6,4,3,5,4,3,2,3.8,True,0,200,1300,129,,B,geological_time,reader_B_03,3,Q15,45570a054b7e21616343a19ec1ebaa0f577b3a2d6ba68288e6dffe967ae5b305
rb18_45570a054b7e,deepseek,DeepSeek-V4 Expert Mode,deepseek-v4,deepseek-v4-pro,deepseek-v4-pro,deepseek-v4,4,3,4,4,3,2,3.6,True,0,200,829,101,fp_9954b31ca7_prod0820_fp8_kvcache_20260402,B,geological_time,reader_B_03,3,Q15,45570a054b7e21616343a19ec1ebaa0f577b3a2d6ba68288e6dffe967ae5b305
rb18_45570a054b7e,doubao,Doubao 2.0 Pro,doubao-seed-2-0-pro-260215,doubao-seed-2-0-pro-260215,doubao-seed-2-0-pro-260215,doubao-seed-2-0-pro-260215,4,2,5,3,3,2,3.4,True,0,200,974,140,,B,geological_time,reader_B_03,3,Q15,45570a054b7e21616343a19ec1ebaa0f577b3a2d6ba68288e6dffe967ae5b305
rb18_45570a054b7e,gemini,Gemini 3.1 Pro,gemini-3.1-pro,gemini-3.1-pro-preview,gemini-3.1-pro-preview,gemini-3.1-pro,5,4,5,5,4,1,4.6,True,0,200,935,131,gemini-3.1-pro-preview,B,geological_time,reader_B_03,3,Q15,45570a054b7e21616343a19ec1ebaa0f577b3a2d6ba68288e6dffe967ae5b305
rb18_45570a054b7e,glm,GLM-5.1,glm-5.1,glm-5.1,glm-5.1,glm-5.1,5,4,5,5,4,1,4.6,True,0,200,896,928,,B,geological_time,reader_B_03,3,Q15,45570a054b7e21616343a19ec1ebaa0f577b3a2d6ba68288e6dffe967ae5b305
rb18_45570a054b7e,kimi,Kimi K2.6 Thinking,kimi-k2.6-thinking,kimi-k2.6,kimi-k2.6,kimi-k2.6-thinking,5,4,5,5,4,1,4.6,True,0,200,821,3994,fpv0_81006e3b,B,geological_time,reader_B_03,3,Q15,45570a054b7e21616343a19ec1ebaa0f577b3a2d6ba68288e6dffe967ae5b305
rb18_45570a054b7e,mimo,Mimo v2.5 Pro,mimo-v2.5-pro,mimo-v2.5-pro,mimo-v2.5-pro,mimo-v2.5-pro,5,4,5,5,4,1,4.6,True,0,200,883,112,,B,geological_time,reader_B_03,3,Q15,45570a054b7e21616343a19ec1ebaa0f577b3a2d6ba68288e6dffe967ae5b305
rb18_45570a054b7e,openai,GPT-5.5 Thinking,gpt-5.5,gpt-5.5,gpt-5.5-2026-04-23,gpt-5.5,5,4,5,5,4,1,4.6,True,0,200,1124,466,,B,geological_time,reader_B_03,3,Q15,45570a054b7e21616343a19ec1ebaa0f577b3a2d6ba68288e6dffe967ae5b305
rb18_45570a054b7e,qwen,Qwen3.5 Thinking,qwen3.5-plus,qwen3.5-plus,qwen3.5-plus,qwen3.5-plus,5,3,5,4,4,1,4.2,True,0,200,897,379,,B,geological_time,reader_B_03,3,Q15,45570a054b7e21616343a19ec1ebaa0f577b3a2d6ba68288e6dffe967ae5b305
rb18_6c7eaacd12e1,anthropic,Claude Sonnet 4.6,claude-sonnet-4-6,claude-sonnet-4-6,claude-sonnet-4-6,claude-sonnet-4-6,5,3,5,4,4,2,4.2,True,0,200,1336,131,,C,geological_time,reader_C_03,3,Q15,6c7eaacd12e1b214645fb23be433998d4a6fcf387cc61ebbd85ca43c1b835bbc
rb18_6c7eaacd12e1,deepseek,DeepSeek-V4 Expert Mode,deepseek-v4,deepseek-v4-pro,deepseek-v4-pro,deepseek-v4,4,3,5,4,4,2,4.0,True,0,200,854,103,fp_9954b31ca7_prod0820_fp8_kvcache_20260402,C,geological_time,reader_C_03,3,Q15,6c7eaacd12e1b214645fb23be433998d4a6fcf387cc61ebbd85ca43c1b835bbc
rb18_6c7eaacd12e1,doubao,Doubao 2.0 Pro,doubao-seed-2-0-pro-260215,doubao-seed-2-0-pro-260215,doubao-seed-2-0-pro-260215,doubao-seed-2-0-pro-260215,5,4,5,5,4,1,4.6,True,0,200,980,137,,C,geological_time,reader_C_03,3,Q15,6c7eaacd12e1b214645fb23be433998d4a6fcf387cc61ebbd85ca43c1b835bbc
rb18_6c7eaacd12e1,gemini,Gemini 3.1 Pro,gemini-3.1-pro,gemini-3.1-pro-preview,gemini-3.1-pro-preview,gemini-3.1-pro,5,5,5,5,5,1,5.0,True,0,200,945,87,gemini-3.1-pro-preview,C,geological_time,reader_C_03,3,Q15,6c7eaacd12e1b214645fb23be433998d4a6fcf387cc61ebbd85ca43c1b835bbc
rb18_6c7eaacd12e1,glm,GLM-5.1,glm-5.1,glm-5.1,glm-5.1,glm-5.1,5,5,5,5,5,1,5.0,True,0,200,912,1125,,C,geological_time,reader_C_03,3,Q15,6c7eaacd12e1b214645fb23be433998d4a6fcf387cc61ebbd85ca43c1b835bbc
rb18_6c7eaacd12e1,kimi,Kimi K2.6 Thinking,kimi-k2.6-thinking,kimi-k2.6,kimi-k2.6,kimi-k2.6-thinking,5,4,5,5,5,1,4.8,True,0,200,839,2137,fpv0_81006e3b,C,geological_time,reader_C_03,3,Q15,6c7eaacd12e1b214645fb23be433998d4a6fcf387cc61ebbd85ca43c1b835bbc
rb18_6c7eaacd12e1,mimo,Mimo v2.5 Pro,mimo-v2.5-pro,mimo-v2.5-pro,mimo-v2.5-pro,mimo-v2.5-pro,5,4,5,5,4,1,4.6,True,0,200,896,109,,C,geological_time,reader_C_03,3,Q15,6c7eaacd12e1b214645fb23be433998d4a6fcf387cc61ebbd85ca43c1b835bbc
rb18_6c7eaacd12e1,openai,GPT-5.5 Thinking,gpt-5.5,gpt-5.5,gpt-5.5-2026-04-23,gpt-5.5,5,4,5,5,5,1,4.8,True,0,200,1147,579,,C,geological_time,reader_C_03,3,Q15,6c7eaacd12e1b214645fb23be433998d4a6fcf387cc61ebbd85ca43c1b835bbc
rb18_6c7eaacd12e1,qwen,Qwen3.5 Thinking,qwen3.5-plus,qwen3.5-plus,qwen3.5-plus,qwen3.5-plus,5,4,5,5,5,1,4.8,True,0,200,905,376,,C,geological_time,reader_C_03,3,Q15,6c7eaacd12e1b214645fb23be433998d4a6fcf387cc61ebbd85ca43c1b835bbc
rb18_5926132b8302,anthropic,Claude Sonnet 4.6,claude-sonnet-4-6,claude-sonnet-4-6,claude-sonnet-4-6,claude-sonnet-4-6,4,2,4,3,3,3,3.2,True,0,200,1240,133,,A,net_force_vs_velocity,reader_A_06,6,Q18,5926132b8302652daa79bd1458c7b679394b1eefda86a2b9867f245f2448a860
rb18_5926132b8302,deepseek,DeepSeek-V4 Expert Mode,deepseek-v4,deepseek-v4-pro,deepseek-v4-pro,deepseek-v4,3,2,4,3,3,2,3.0,True,0,200,806,100,fp_9954b31ca7_prod0820_fp8_kvcache_20260402,A,net_force_vs_velocity,reader_A_06,6,Q18,5926132b8302652daa79bd1458c7b679394b1eefda86a2b9867f245f2448a860
rb18_5926132b8302,doubao,Doubao 2.0 Pro,doubao-seed-2-0-pro-260215,doubao-seed-2-0-pro-260215,doubao-seed-2-0-pro-260215,doubao-seed-2-0-pro-260215,5,3,5,4,4,2,4.2,True,0,200,949,140,,A,net_force_vs_velocity,reader_A_06,6,Q18,5926132b8302652daa79bd1458c7b679394b1eefda86a2b9867f245f2448a860
rb18_5926132b8302,gemini,Gemini 3.1 Pro,gemini-3.1-pro,gemini-3.1-pro-preview,gemini-3.1-pro-preview,gemini-3.1-pro,5,4,5,5,5,1,4.8,True,0,200,906,92,gemini-3.1-pro-preview,A,net_force_vs_velocity,reader_A_06,6,Q18,5926132b8302652daa79bd1458c7b679394b1eefda86a2b9867f245f2448a860
rb18_5926132b8302,glm,GLM-5.1,glm-5.1,glm-5.1,glm-5.1,glm-5.1,5,4,5,5,5,1,4.8,True,0,200,874,935,,A,net_force_vs_velocity,reader_A_06,6,Q18,5926132b8302652daa79bd1458c7b679394b1eefda86a2b9867f245f2448a860
rb18_5926132b8302,kimi,Kimi K2.6 Thinking,kimi-k2.6-thinking,kimi-k2.6,kimi-k2.6,kimi-k2.6-thinking,5,3,5,4,5,1,4.4,True,0,200,796,3110,fpv0_81006e3b,A,net_force_vs_velocity,reader_A_06,6,Q18,5926132b8302652daa79bd1458c7b679394b1eefda86a2b9867f245f2448a860
rb18_5926132b8302,mimo,Mimo v2.5 Pro,mimo-v2.5-pro,mimo-v2.5-pro,mimo-v2.5-pro,mimo-v2.5-pro,5,3,5,5,5,1,4.6,True,0,200,863,112,,A,net_force_vs_velocity,reader_A_06,6,Q18,5926132b8302652daa79bd1458c7b679394b1eefda86a2b9867f245f2448a860
rb18_5926132b8302,openai,GPT-5.5 Thinking,gpt-5.5,gpt-5.5,gpt-5.5-2026-04-23,gpt-5.5,5,4,5,5,5,1,4.8,True,1,200,1081,596,,A,net_force_vs_velocity,reader_A_06,6,Q18,5926132b8302652daa79bd1458c7b679394b1eefda86a2b9867f245f2448a860
rb18_5926132b8302,qwen,Qwen3.5 Thinking,qwen3.5-plus,qwen3.5-plus,qwen3.5-plus,qwen3.5-plus,5,3,5,5,5,1,4.6,True,0,200,873,379,,A,net_force_vs_velocity,reader_A_06,6,Q18,5926132b8302652daa79bd1458c7b679394b1eefda86a2b9867f245f2448a860
rb18_93ef670f33a0,anthropic,Claude Sonnet 4.6,claude-sonnet-4-6,claude-sonnet-4-6,claude-sonnet-4-6,claude-sonnet-4-6,3,3,4,4,3,3,3.4,True,0,200,1285,716,,B,net_force_vs_velocity,reader_B_06,6,Q18,93ef670f33a046f8c9653354a6eae80fe54cf8807d8d8c4aae2107c63fdc0d13
rb18_93ef670f33a0,deepseek,DeepSeek-V4 Expert Mode,deepseek-v4,deepseek-v4-pro,deepseek-v4-pro,deepseek-v4,4,3,4,4,4,2,3.8,True,0,200,830,101,fp_9954b31ca7_prod0820_fp8_kvcache_20260402,B,net_force_vs_velocity,reader_B_06,6,Q18,93ef670f33a046f8c9653354a6eae80fe54cf8807d8d8c4aae2107c63fdc0d13
rb18_93ef670f33a0,doubao,Doubao 2.0 Pro,doubao-seed-2-0-pro-260215,doubao-seed-2-0-pro-260215,doubao-seed-2-0-pro-260215,doubao-seed-2-0-pro-260215,5,4,5,5,5,1,4.8,True,0,200,974,139,,B,net_force_vs_velocity,reader_B_06,6,Q18,93ef670f33a046f8c9653354a6eae80fe54cf8807d8d8c4aae2107c63fdc0d13
rb18_93ef670f33a0,gemini,Gemini 3.1 Pro,gemini-3.1-pro,gemini-3.1-pro-preview,gemini-3.1-pro-preview,gemini-3.1-pro,5,5,5,5,5,1,5.0,True,0,200,931,130,gemini-3.1-pro-preview,B,net_force_vs_velocity,reader_B_06,6,Q18,93ef670f33a046f8c9653354a6eae80fe54cf8807d8d8c4aae2107c63fdc0d13
rb18_93ef670f33a0,glm,GLM-5.1,glm-5.1,glm-5.1,glm-5.1,glm-5.1,5,5,5,5,5,1,5.0,True,0,200,894,1178,,B,net_force_vs_velocity,reader_B_06,6,Q18,93ef670f33a046f8c9653354a6eae80fe54cf8807d8d8c4aae2107c63fdc0d13
rb18_93ef670f33a0,kimi,Kimi K2.6 Thinking,kimi-k2.6-thinking,kimi-k2.6,kimi-k2.6,kimi-k2.6-thinking,5,5,5,5,5,1,5.0,True,0,200,823,2334,fpv0_e68c0644,B,net_force_vs_velocity,reader_B_06,6,Q18,93ef670f33a046f8c9653354a6eae80fe54cf8807d8d8c4aae2107c63fdc0d13
rb18_93ef670f33a0,mimo,Mimo v2.5 Pro,mimo-v2.5-pro,mimo-v2.5-pro,mimo-v2.5-pro,mimo-v2.5-pro,5,4,5,5,5,1,4.8,True,0,200,886,111,,B,net_force_vs_velocity,reader_B_06,6,Q18,93ef670f33a046f8c9653354a6eae80fe54cf8807d8d8c4aae2107c63fdc0d13
rb18_93ef670f33a0,openai,GPT-5.5 Thinking,gpt-5.5,gpt-5.5,gpt-5.5-2026-04-23,gpt-5.5,4,4,5,5,5,1,4.6,True,0,200,1115,597,,B,net_force_vs_velocity,reader_B_06,6,Q18,93ef670f33a046f8c9653354a6eae80fe54cf8807d8d8c4aae2107c63fdc0d13
rb18_93ef670f33a0,qwen,Qwen3.5 Thinking,qwen3.5-plus,qwen3.5-plus,qwen3.5-plus,qwen3.5-plus,5,4,5,5,5,1,4.8,True,1,200,891,378,,B,net_force_vs_velocity,reader_B_06,6,Q18,93ef670f33a046f8c9653354a6eae80fe54cf8807d8d8c4aae2107c63fdc0d13
rb18_32041e3f1e26,anthropic,Claude Sonnet 4.6,claude-sonnet-4-6,claude-sonnet-4-6,claude-sonnet-4-6,claude-sonnet-4-6,4,3,5,4,4,2,4.0,True,0,200,1331,135,,C,net_force_vs_velocity,reader_C_06,6,Q18,32041e3f1e26e235648940f68b4bf9504ef6d9e2cd4da4eb5fb9768a02ee2a8e
rb18_32041e3f1e26,deepseek,DeepSeek-V4 Expert Mode,deepseek-v4,deepseek-v4-pro,deepseek-v4-pro,deepseek-v4,4,3,4,5,4,2,4.0,True,0,200,864,102,fp_9954b31ca7_prod0820_fp8_kvcache_20260402,C,net_force_vs_velocity,reader_C_06,6,Q18,32041e3f1e26e235648940f68b4bf9504ef6d9e2cd4da4eb5fb9768a02ee2a8e
rb18_32041e3f1e26,doubao,Doubao 2.0 Pro,doubao-seed-2-0-pro-260215,doubao-seed-2-0-pro-260215,doubao-seed-2-0-pro-260215,doubao-seed-2-0-pro-260215,5,4,5,5,5,1,4.8,True,0,200,1007,140,,C,net_force_vs_velocity,reader_C_06,6,Q18,32041e3f1e26e235648940f68b4bf9504ef6d9e2cd4da4eb5fb9768a02ee2a8e
rb18_32041e3f1e26,gemini,Gemini 3.1 Pro,gemini-3.1-pro,gemini-3.1-pro-preview,gemini-3.1-pro-preview,gemini-3.1-pro,5,5,5,5,5,1,5.0,True,0,200,963,131,gemini-3.1-pro-preview,C,net_force_vs_velocity,reader_C_06,6,Q18,32041e3f1e26e235648940f68b4bf9504ef6d9e2cd4da4eb5fb9768a02ee2a8e
rb18_32041e3f1e26,glm,GLM-5.1,glm-5.1,glm-5.1,glm-5.1,glm-5.1,5,5,5,5,5,1,5.0,True,0,200,924,1061,,C,net_force_vs_velocity,reader_C_06,6,Q18,32041e3f1e26e235648940f68b4bf9504ef6d9e2cd4da4eb5fb9768a02ee2a8e
rb18_32041e3f1e26,kimi,Kimi K2.6 Thinking,kimi-k2.6-thinking,kimi-k2.6,kimi-k2.6,kimi-k2.6-thinking,5,4,5,5,5,1,4.8,True,0,200,852,2518,fpv0_81006e3b,C,net_force_vs_velocity,reader_C_06,6,Q18,32041e3f1e26e235648940f68b4bf9504ef6d9e2cd4da4eb5fb9768a02ee2a8e
rb18_32041e3f1e26,mimo,Mimo v2.5 Pro,mimo-v2.5-pro,mimo-v2.5-pro,mimo-v2.5-pro,mimo-v2.5-pro,5,4,5,5,5,1,4.8,True,0,200,919,112,,C,net_force_vs_velocity,reader_C_06,6,Q18,32041e3f1e26e235648940f68b4bf9504ef6d9e2cd4da4eb5fb9768a02ee2a8e
rb18_32041e3f1e26,openai,GPT-5.5 Thinking,gpt-5.5,gpt-5.5,gpt-5.5-2026-04-23,gpt-5.5,4,4,5,5,5,2,4.6,True,0,200,1152,525,,C,net_force_vs_velocity,reader_C_06,6,Q18,32041e3f1e26e235648940f68b4bf9504ef6d9e2cd4da4eb5fb9768a02ee2a8e
rb18_32041e3f1e26,qwen,Qwen3.5 Thinking,qwen3.5-plus,qwen3.5-plus,qwen3.5-plus,qwen3.5-plus,5,4,5,5,5,1,4.8,True,0,200,924,379,,C,net_force_vs_velocity,reader_C_06,6,Q18,32041e3f1e26e235648940f68b4bf9504ef6d9e2cd4da4eb5fb9768a02ee2a8e
rb18_df546a2e1915,anthropic,Claude Sonnet 4.6,claude-sonnet-4-6,claude-sonnet-4-6,claude-sonnet-4-6,claude-sonnet-4-6,4,3,5,4,3,3,3.8,True,0,200,1246,129,,A,plant_respiration,reader_A_04,4,Q16,df546a2e19151618ad7a16d147bfbfe0137eaba193fa99efc5b0835f087e15fc
rb18_df546a2e1915,deepseek,DeepSeek-V4 Expert Mode,deepseek-v4,deepseek-v4-pro,deepseek-v4-pro,deepseek-v4,3,2,4,4,2,3,3.0,True,0,200,793,100,fp_9954b31ca7_prod0820_fp8_kvcache_20260402,A,plant_respiration,reader_A_04,4,Q16,df546a2e19151618ad7a16d147bfbfe0137eaba193fa99efc5b0835f087e15fc
rb18_df546a2e1915,doubao,Doubao 2.0 Pro,doubao-seed-2-0-pro-260215,doubao-seed-2-0-pro-260215,doubao-seed-2-0-pro-260215,doubao-seed-2-0-pro-260215,5,3,5,4,4,2,4.2,True,0,200,930,138,,A,plant_respiration,reader_A_04,4,Q16,df546a2e19151618ad7a16d147bfbfe0137eaba193fa99efc5b0835f087e15fc
rb18_df546a2e1915,gemini,Gemini 3.1 Pro,gemini-3.1-pro,gemini-3.1-pro-preview,gemini-3.1-pro-preview,gemini-3.1-pro,5,4,5,5,4,1,4.6,True,0,200,894,89,gemini-3.1-pro-preview,A,plant_respiration,reader_A_04,4,Q16,df546a2e19151618ad7a16d147bfbfe0137eaba193fa99efc5b0835f087e15fc
rb18_df546a2e1915,glm,GLM-5.1,glm-5.1,glm-5.1,glm-5.1,glm-5.1,4,3,5,5,3,3,4.0,True,0,200,859,1834,,A,plant_respiration,reader_A_04,4,Q16,df546a2e19151618ad7a16d147bfbfe0137eaba193fa99efc5b0835f087e15fc
rb18_df546a2e1915,kimi,Kimi K2.6 Thinking,kimi-k2.6-thinking,kimi-k2.6,kimi-k2.6,kimi-k2.6-thinking,3,3,5,5,3,3,3.8,True,1,200,787,2176,fpv0_81006e3b,A,plant_respiration,reader_A_04,4,Q16,df546a2e19151618ad7a16d147bfbfe0137eaba193fa99efc5b0835f087e15fc
rb18_df546a2e1915,mimo,Mimo v2.5 Pro,mimo-v2.5-pro,mimo-v2.5-pro,mimo-v2.5-pro,mimo-v2.5-pro,4,3,4,5,2,3,3.6,True,0,200,845,110,,A,plant_respiration,reader_A_04,4,Q16,df546a2e19151618ad7a16d147bfbfe0137eaba193fa99efc5b0835f087e15fc
rb18_df546a2e1915,openai,GPT-5.5 Thinking,gpt-5.5,gpt-5.5,gpt-5.5-2026-04-23,gpt-5.5,4,3,5,5,3,2,4.0,True,0,200,1084,785,,A,plant_respiration,reader_A_04,4,Q16,df546a2e19151618ad7a16d147bfbfe0137eaba193fa99efc5b0835f087e15fc
rb18_df546a2e1915,qwen,Qwen3.5 Thinking,qwen3.5-plus,qwen3.5-plus,qwen3.5-plus,qwen3.5-plus,5,3,5,5,4,2,4.4,True,0,200,857,377,,A,plant_respiration,reader_A_04,4,Q16,df546a2e19151618ad7a16d147bfbfe0137eaba193fa99efc5b0835f087e15fc
rb18_7d107c521a36,anthropic,Claude Sonnet 4.6,claude-sonnet-4-6,claude-sonnet-4-6,claude-sonnet-4-6,claude-sonnet-4-6,4,3,5,5,4,2,4.2,True,0,200,1305,129,,B,plant_respiration,reader_B_04,4,Q16,7d107c521a368d49dee979673b8a5f527c057f5d989a9d99eaa5e569579532c7
rb18_7d107c521a36,deepseek,DeepSeek-V4 Expert Mode,deepseek-v4,deepseek-v4-pro,deepseek-v4-pro,deepseek-v4,4,3,5,5,4,1,4.2,True,0,200,825,101,fp_9954b31ca7_prod0820_fp8_kvcache_20260402,B,plant_respiration,reader_B_04,4,Q16,7d107c521a368d49dee979673b8a5f527c057f5d989a9d99eaa5e569579532c7
rb18_7d107c521a36,doubao,Doubao 2.0 Pro,doubao-seed-2-0-pro-260215,doubao-seed-2-0-pro-260215,doubao-seed-2-0-pro-260215,doubao-seed-2-0-pro-260215,5,4,5,5,5,1,4.8,True,0,200,964,140,,B,plant_respiration,reader_B_04,4,Q16,7d107c521a368d49dee979673b8a5f527c057f5d989a9d99eaa5e569579532c7
rb18_7d107c521a36,gemini,Gemini 3.1 Pro,gemini-3.1-pro,gemini-3.1-pro-preview,gemini-3.1-pro-preview,gemini-3.1-pro,5,5,5,5,5,1,5.0,True,0,200,930,131,gemini-3.1-pro-preview,B,plant_respiration,reader_B_04,4,Q16,7d107c521a368d49dee979673b8a5f527c057f5d989a9d99eaa5e569579532c7
rb18_7d107c521a36,glm,GLM-5.1,glm-5.1,glm-5.1,glm-5.1,glm-5.1,5,5,5,5,5,1,5.0,True,0,200,889,1060,,B,plant_respiration,reader_B_04,4,Q16,7d107c521a368d49dee979673b8a5f527c057f5d989a9d99eaa5e569579532c7
rb18_7d107c521a36,kimi,Kimi K2.6 Thinking,kimi-k2.6-thinking,kimi-k2.6,kimi-k2.6,kimi-k2.6-thinking,5,5,5,5,5,1,5.0,True,1,200,819,1842,fpv0_e68c0644,B,plant_respiration,reader_B_04,4,Q16,7d107c521a368d49dee979673b8a5f527c057f5d989a9d99eaa5e569579532c7
rb18_7d107c521a36,mimo,Mimo v2.5 Pro,mimo-v2.5-pro,mimo-v2.5-pro,mimo-v2.5-pro,mimo-v2.5-pro,5,3,5,5,3,3,4.2,True,1,200,881,112,,B,plant_respiration,reader_B_04,4,Q16,7d107c521a368d49dee979673b8a5f527c057f5d989a9d99eaa5e569579532c7
rb18_7d107c521a36,openai,GPT-5.5 Thinking,gpt-5.5,gpt-5.5,gpt-5.5-2026-04-23,gpt-5.5,5,4,5,5,5,1,4.8,True,0,200,1132,420,,B,plant_respiration,reader_B_04,4,Q16,7d107c521a368d49dee979673b8a5f527c057f5d989a9d99eaa5e569579532c7
rb18_7d107c521a36,qwen,Qwen3.5 Thinking,qwen3.5-plus,qwen3.5-plus,qwen3.5-plus,qwen3.5-plus,5,4,5,5,5,1,4.8,True,0,200,890,379,,B,plant_respiration,reader_B_04,4,Q16,7d107c521a368d49dee979673b8a5f527c057f5d989a9d99eaa5e569579532c7
rb18_debd484e21cb,anthropic,Claude Sonnet 4.6,claude-sonnet-4-6,claude-sonnet-4-6,claude-sonnet-4-6,claude-sonnet-4-6,4,3,5,4,4,2,4.0,True,0,200,1344,133,,C,plant_respiration,reader_C_04,4,Q16,debd484e21cbc69e4e5252a8fd6ae9c9813c48c2bb10c0db71e6b7d089244b86
rb18_debd484e21cb,deepseek,DeepSeek-V4 Expert Mode,deepseek-v4,deepseek-v4-pro,deepseek-v4-pro,deepseek-v4,5,4,5,5,5,1,4.8,True,0,200,840,99,fp_9954b31ca7_prod0820_fp8_kvcache_20260402,C,plant_respiration,reader_C_04,4,Q16,debd484e21cbc69e4e5252a8fd6ae9c9813c48c2bb10c0db71e6b7d089244b86
rb18_debd484e21cb,doubao,Doubao 2.0 Pro,doubao-seed-2-0-pro-260215,doubao-seed-2-0-pro-260215,doubao-seed-2-0-pro-260215,doubao-seed-2-0-pro-260215,5,4,5,5,5,1,4.8,True,0,200,977,136,,C,plant_respiration,reader_C_04,4,Q16,debd484e21cbc69e4e5252a8fd6ae9c9813c48c2bb10c0db71e6b7d089244b86
rb18_debd484e21cb,gemini,Gemini 3.1 Pro,gemini-3.1-pro,gemini-3.1-pro-preview,gemini-3.1-pro-preview,gemini-3.1-pro,5,5,5,5,5,1,5.0,True,0,200,946,128,gemini-3.1-pro-preview,C,plant_respiration,reader_C_04,4,Q16,debd484e21cbc69e4e5252a8fd6ae9c9813c48c2bb10c0db71e6b7d089244b86
rb18_debd484e21cb,glm,GLM-5.1,glm-5.1,glm-5.1,glm-5.1,glm-5.1,5,5,5,5,5,1,5.0,True,0,200,906,1086,,C,plant_respiration,reader_C_04,4,Q16,debd484e21cbc69e4e5252a8fd6ae9c9813c48c2bb10c0db71e6b7d089244b86
rb18_debd484e21cb,kimi,Kimi K2.6 Thinking,kimi-k2.6-thinking,kimi-k2.6,kimi-k2.6,kimi-k2.6-thinking,5,5,5,5,5,1,5.0,True,0,200,832,2137,fpv0_81006e3b,C,plant_respiration,reader_C_04,4,Q16,debd484e21cbc69e4e5252a8fd6ae9c9813c48c2bb10c0db71e6b7d089244b86
rb18_debd484e21cb,mimo,Mimo v2.5 Pro,mimo-v2.5-pro,mimo-v2.5-pro,mimo-v2.5-pro,mimo-v2.5-pro,5,4,5,5,5,1,4.8,True,0,200,893,108,,C,plant_respiration,reader_C_04,4,Q16,debd484e21cbc69e4e5252a8fd6ae9c9813c48c2bb10c0db71e6b7d089244b86
rb18_debd484e21cb,openai,GPT-5.5 Thinking,gpt-5.5,gpt-5.5,gpt-5.5-2026-04-23,gpt-5.5,5,5,5,5,5,1,5.0,True,0,200,1155,363,,C,plant_respiration,reader_C_04,4,Q16,debd484e21cbc69e4e5252a8fd6ae9c9813c48c2bb10c0db71e6b7d089244b86
rb18_debd484e21cb,qwen,Qwen3.5 Thinking,qwen3.5-plus,qwen3.5-plus,qwen3.5-plus,qwen3.5-plus,5,4,5,5,5,1,4.8,True,0,200,899,375,,C,plant_respiration,reader_C_04,4,Q16,debd484e21cbc69e4e5252a8fd6ae9c9813c48c2bb10c0db71e6b7d089244b86
rb18_129767c542cc,anthropic,Claude Sonnet 4.6,claude-sonnet-4-6,claude-sonnet-4-6,claude-sonnet-4-6,claude-sonnet-4-6,4,2,5,3,4,2,3.6,True,0,200,1239,585,,A,projectile_motion,reader_A_01,1,Q13,129767c542cc331f8964f791ac9786011e914888935ed61fe378d724123902fb
rb18_129767c542cc,deepseek,DeepSeek-V4 Expert Mode,deepseek-v4,deepseek-v4-pro,deepseek-v4-pro,deepseek-v4,4,2,4,3,3,2,3.2,True,0,200,802,99,fp_9954b31ca7_prod0820_fp8_kvcache_20260402,A,projectile_motion,reader_A_01,1,Q13,129767c542cc331f8964f791ac9786011e914888935ed61fe378d724123902fb
rb18_129767c542cc,doubao,Doubao 2.0 Pro,doubao-seed-2-0-pro-260215,doubao-seed-2-0-pro-260215,doubao-seed-2-0-pro-260215,doubao-seed-2-0-pro-260215,4,3,5,4,4,2,4.0,True,0,200,947,139,,A,projectile_motion,reader_A_01,1,Q13,129767c542cc331f8964f791ac9786011e914888935ed61fe378d724123902fb
rb18_129767c542cc,gemini,Gemini 3.1 Pro,gemini-3.1-pro,gemini-3.1-pro-preview,gemini-3.1-pro-preview,gemini-3.1-pro,4,3,5,4,5,2,4.2,True,0,200,903,89,gemini-3.1-pro-preview,A,projectile_motion,reader_A_01,1,Q13,129767c542cc331f8964f791ac9786011e914888935ed61fe378d724123902fb
rb18_129767c542cc,glm,GLM-5.1,glm-5.1,glm-5.1,glm-5.1,glm-5.1,5,3,5,3,5,1,4.2,True,0,200,867,1634,,A,projectile_motion,reader_A_01,1,Q13,129767c542cc331f8964f791ac9786011e914888935ed61fe378d724123902fb
rb18_129767c542cc,kimi,Kimi K2.6 Thinking,kimi-k2.6-thinking,kimi-k2.6,kimi-k2.6,kimi-k2.6-thinking,4,3,5,4,5,2,4.2,True,0,200,797,3915,fpv0_81006e3b,A,projectile_motion,reader_A_01,1,Q13,129767c542cc331f8964f791ac9786011e914888935ed61fe378d724123902fb
rb18_129767c542cc,mimo,Mimo v2.5 Pro,mimo-v2.5-pro,mimo-v2.5-pro,mimo-v2.5-pro,mimo-v2.5-pro,5,3,5,5,5,1,4.6,True,0,200,858,111,,A,projectile_motion,reader_A_01,1,Q13,129767c542cc331f8964f791ac9786011e914888935ed61fe378d724123902fb
rb18_129767c542cc,openai,GPT-5.5 Thinking,gpt-5.5,gpt-5.5,gpt-5.5-2026-04-23,gpt-5.5,4,3,5,5,4,2,4.2,True,0,200,1082,595,,A,projectile_motion,reader_A_01,1,Q13,129767c542cc331f8964f791ac9786011e914888935ed61fe378d724123902fb
rb18_129767c542cc,qwen,Qwen3.5 Thinking,qwen3.5-plus,qwen3.5-plus,qwen3.5-plus,qwen3.5-plus,4,3,5,5,5,2,4.4,True,0,200,872,378,,A,projectile_motion,reader_A_01,1,Q13,129767c542cc331f8964f791ac9786011e914888935ed61fe378d724123902fb
rb18_00007c0f6079,anthropic,Claude Sonnet 4.6,claude-sonnet-4-6,claude-sonnet-4-6,claude-sonnet-4-6,claude-sonnet-4-6,5,3,5,4,4,2,4.2,True,0,200,1305,129,,B,projectile_motion,reader_B_01,1,Q13,00007c0f6079d4def1f0f554da96ad375327ad6dbebde59310c36bb361266d0a
rb18_00007c0f6079,deepseek,DeepSeek-V4 Expert Mode,deepseek-v4,deepseek-v4-pro,deepseek-v4-pro,deepseek-v4,4,3,5,4,3,1,3.8,True,0,200,834,101,fp_9954b31ca7_prod0820_fp8_kvcache_20260402,B,projectile_motion,reader_B_01,1,Q13,00007c0f6079d4def1f0f554da96ad375327ad6dbebde59310c36bb361266d0a
rb18_00007c0f6079,doubao,Doubao 2.0 Pro,doubao-seed-2-0-pro-260215,doubao-seed-2-0-pro-260215,doubao-seed-2-0-pro-260215,doubao-seed-2-0-pro-260215,5,4,5,5,5,1,4.8,True,0,200,979,140,,B,projectile_motion,reader_B_01,1,Q13,00007c0f6079d4def1f0f554da96ad375327ad6dbebde59310c36bb361266d0a
rb18_00007c0f6079,gemini,Gemini 3.1 Pro,gemini-3.1-pro,gemini-3.1-pro-preview,gemini-3.1-pro-preview,gemini-3.1-pro,5,5,5,5,5,1,5.0,True,0,200,937,131,gemini-3.1-pro-preview,B,projectile_motion,reader_B_01,1,Q13,00007c0f6079d4def1f0f554da96ad375327ad6dbebde59310c36bb361266d0a
rb18_00007c0f6079,glm,GLM-5.1,glm-5.1,glm-5.1,glm-5.1,glm-5.1,5,5,5,5,5,1,5.0,True,0,200,897,1071,,B,projectile_motion,reader_B_01,1,Q13,00007c0f6079d4def1f0f554da96ad375327ad6dbebde59310c36bb361266d0a
rb18_00007c0f6079,kimi,Kimi K2.6 Thinking,kimi-k2.6-thinking,kimi-k2.6,kimi-k2.6,kimi-k2.6-thinking,5,4,5,5,5,1,4.8,True,0,200,830,3272,fpv0_e68c0644,B,projectile_motion,reader_B_01,1,Q13,00007c0f6079d4def1f0f554da96ad375327ad6dbebde59310c36bb361266d0a
rb18_00007c0f6079,mimo,Mimo v2.5 Pro,mimo-v2.5-pro,mimo-v2.5-pro,mimo-v2.5-pro,mimo-v2.5-pro,4,3,4,5,4,2,4.0,True,0,200,893,112,,B,projectile_motion,reader_B_01,1,Q13,00007c0f6079d4def1f0f554da96ad375327ad6dbebde59310c36bb361266d0a
rb18_00007c0f6079,openai,GPT-5.5 Thinking,gpt-5.5,gpt-5.5,gpt-5.5-2026-04-23,gpt-5.5,5,4,5,5,5,1,4.8,True,0,200,1122,341,,B,projectile_motion,reader_B_01,1,Q13,00007c0f6079d4def1f0f554da96ad375327ad6dbebde59310c36bb361266d0a
rb18_00007c0f6079,qwen,Qwen3.5 Thinking,qwen3.5-plus,qwen3.5-plus,qwen3.5-plus,qwen3.5-plus,5,4,5,5,5,1,4.8,True,0,200,900,379,,B,projectile_motion,reader_B_01,1,Q13,00007c0f6079d4def1f0f554da96ad375327ad6dbebde59310c36bb361266d0a
rb18_0750c04a6022,anthropic,Claude Sonnet 4.6,claude-sonnet-4-6,claude-sonnet-4-6,claude-sonnet-4-6,claude-sonnet-4-6,5,3,5,3,5,2,4.2,True,0,200,1335,674,,C,projectile_motion,reader_C_01,1,Q13,0750c04a60221d3678629f17bdb60316cbdda5643706a794f50ca55a81d8e0b5
rb18_0750c04a6022,deepseek,DeepSeek-V4 Expert Mode,deepseek-v4,deepseek-v4-pro,deepseek-v4-pro,deepseek-v4,4,3,5,4,4,2,4.0,True,0,200,855,101,fp_9954b31ca7_prod0820_fp8_kvcache_20260402,C,projectile_motion,reader_C_01,1,Q13,0750c04a60221d3678629f17bdb60316cbdda5643706a794f50ca55a81d8e0b5
rb18_0750c04a6022,doubao,Doubao 2.0 Pro,doubao-seed-2-0-pro-260215,doubao-seed-2-0-pro-260215,doubao-seed-2-0-pro-260215,doubao-seed-2-0-pro-260215,5,4,5,5,5,1,4.8,True,0,200,1005,140,,C,projectile_motion,reader_C_01,1,Q13,0750c04a60221d3678629f17bdb60316cbdda5643706a794f50ca55a81d8e0b5
rb18_0750c04a6022,gemini,Gemini 3.1 Pro,gemini-3.1-pro,gemini-3.1-pro-preview,gemini-3.1-pro-preview,gemini-3.1-pro,5,5,5,5,5,1,5.0,True,0,200,961,131,gemini-3.1-pro-preview,C,projectile_motion,reader_C_01,1,Q13,0750c04a60221d3678629f17bdb60316cbdda5643706a794f50ca55a81d8e0b5
rb18_0750c04a6022,glm,GLM-5.1,glm-5.1,glm-5.1,glm-5.1,glm-5.1,5,4,5,5,5,1,4.8,True,0,200,922,1601,,C,projectile_motion,reader_C_01,1,Q13,0750c04a60221d3678629f17bdb60316cbdda5643706a794f50ca55a81d8e0b5
rb18_0750c04a6022,kimi,Kimi K2.6 Thinking,kimi-k2.6-thinking,kimi-k2.6,kimi-k2.6,kimi-k2.6-thinking,4,3,5,4,5,2,4.2,True,0,200,849,3407,fpv0_e68c0644,C,projectile_motion,reader_C_01,1,Q13,0750c04a60221d3678629f17bdb60316cbdda5643706a794f50ca55a81d8e0b5
rb18_0750c04a6022,mimo,Mimo v2.5 Pro,mimo-v2.5-pro,mimo-v2.5-pro,mimo-v2.5-pro,mimo-v2.5-pro,5,3,5,5,5,1,4.6,True,0,200,913,112,,C,projectile_motion,reader_C_01,1,Q13,0750c04a60221d3678629f17bdb60316cbdda5643706a794f50ca55a81d8e0b5
rb18_0750c04a6022,openai,GPT-5.5 Thinking,gpt-5.5,gpt-5.5,gpt-5.5-2026-04-23,gpt-5.5,5,4,5,5,5,2,4.8,True,0,200,1149,597,,C,projectile_motion,reader_C_01,1,Q13,0750c04a60221d3678629f17bdb60316cbdda5643706a794f50ca55a81d8e0b5
rb18_0750c04a6022,qwen,Qwen3.5 Thinking,qwen3.5-plus,qwen3.5-plus,qwen3.5-plus,qwen3.5-plus,5,4,5,5,5,1,4.8,True,0,200,922,379,,C,projectile_motion,reader_C_01,1,Q13,0750c04a60221d3678629f17bdb60316cbdda5643706a794f50ca55a81d8e0b5
