source_path,source_sha256,release_path,release_sha256,release_bytes,transformation,note
GENERATED_OR_ALLOWLISTED_PROJECT_ARTIFACT,,.gitattributes,3bf2181b6e54b4396ad8a10ad40b7a30b42d6ab9c8dc637d04d87ad2f09e657d,58,anonymous_repository_build,Added or regenerated by the anonymous repository builder.
GENERATED_OR_ALLOWLISTED_PROJECT_ARTIFACT,,.gitignore,e7cc0df8e47d610c0be790ecfc26ec46f9db48a18d25e4e06ab754ad257b5725,375,anonymous_repository_build,Added or regenerated by the anonymous repository builder.
paper/analysis/alignment_absolute_agreement.csv,09caa35f9097caa1d6fc2a7d2b7ab55a2b532542f81d77b1f3c1062bf3381b0a,analysis/alignment_absolute_agreement.csv,1427df0ab0bed8034b4bf59d7932d09b04cbdc6bba3d124c2cece1471606623c,7004,source_derived_copy; anonymous_build_normalization_or_regeneration; anonymous_build_normalization_or_regeneration,Release bytes intentionally differ from the recorded upstream source hash. Release bytes intentionally differ from the recorded upstream source hash.
paper/analysis/alignment_api_by_stimulus_dimension.csv,98aff40d69faae4778c72b73b895aa52a42b2138c0bd49d1f60e6d6c941872bf,analysis/alignment_api_by_stimulus_dimension.csv,8dfeb24a9151986428e04d329eb5931b063d6a886d29c7b3ae29529a9c9a6d4b,780482,source_derived_copy; anonymous_build_normalization_or_regeneration; anonymous_build_normalization_or_regeneration,Release bytes intentionally differ from the recorded upstream source hash. Release bytes intentionally differ from the recorded upstream source hash.
paper/analysis/alignment_cross_wave_overlap.csv,55a87336db561b56f4dc8c88617906bc341c498e9dd59dac25a893ef1920b451,analysis/alignment_cross_wave_overlap.csv,0ca82ff110417eeb0bdd850b3116eeb0adc89c281be37cc3c8f56616f6e0832c,34236,source_derived_copy; anonymous_build_normalization_or_regeneration; anonymous_build_normalization_or_regeneration,Release bytes intentionally differ from the recorded upstream source hash. Release bytes intentionally differ from the recorded upstream source hash.
paper/analysis/alignment_cross_wave_overlap_summary.csv,695eddb477b93635127c60ca5531d2fff69f16270dbdadf389a222d1b98585d4,analysis/alignment_cross_wave_overlap_summary.csv,bf7b8f9b09152d5b05f8874b7fac301721483a6ac7962b3e31b9a302095c1105,1090,source_derived_copy; anonymous_build_normalization_or_regeneration; anonymous_build_normalization_or_regeneration,Release bytes intentionally differ from the recorded upstream source hash. Release bytes intentionally differ from the recorded upstream source hash.
paper/analysis/alignment_dispersion_disagreement.csv,4e81b6045d1165aaedbf2758aec39aee843a9deb4a9690038c53807fa361cd9b,analysis/alignment_dispersion_disagreement.csv,9865b38d594ac6b456744649d2cba4517de1c8d6d5f26d0653a8bb19d6f29793,4911,source_derived_copy; anonymous_build_normalization_or_regeneration; anonymous_build_normalization_or_regeneration,Release bytes intentionally differ from the recorded upstream source hash. Release bytes intentionally differ from the recorded upstream source hash.
paper/analysis/alignment_effects.csv,6f79d3cee5f60c884a73577c715b5dbc38aabe4fbf29070cab14596b5d13a694,analysis/alignment_effects.csv,ed25631b6062d47c03fc4108a5bb1ec063147508bb8b9ea888604ea2e2f4d2ab,15854,source_derived_copy; anonymous_build_normalization_or_regeneration; anonymous_build_normalization_or_regeneration,Release bytes intentionally differ from the recorded upstream source hash. Release bytes intentionally differ from the recorded upstream source hash.
paper/analysis/alignment_heterogeneity.csv,4a7b92864b8d755f171263ab398f36d41565732b348e284601707649db0ee737,analysis/alignment_heterogeneity.csv,616931900076988979ca3736b29f6ad7d3af959148337cac630236e4be220aa3,1266,source_derived_copy; anonymous_build_normalization_or_regeneration; anonymous_build_normalization_or_regeneration,Release bytes intentionally differ from the recorded upstream source hash. Release bytes intentionally differ from the recorded upstream source hash.
paper/analysis/alignment_human_api_item_dimension.csv,c2d7a69929f3a1a82c7170326a38805ff92b3ab8a54c2e9a1cbd0395e69ed623,analysis/alignment_human_api_item_dimension.csv,8d1b0c643b5dd5da791d106844c935b6d619f454fb90c9073f38d9b410730ac8,383384,source_derived_copy; anonymous_build_normalization_or_regeneration; anonymous_build_normalization_or_regeneration,Release bytes intentionally differ from the recorded upstream source hash. Release bytes intentionally differ from the recorded upstream source hash.
paper/analysis/alignment_leave_one_cluster.csv,268e3498a16461ba3e3283962f69ee4bacc57b6ce015683a4013e6bf0ee59f22,analysis/alignment_leave_one_cluster.csv,29e7da537d1beb51e98ab4f097b74ee567da74d42f63da6824cc78038fa6df08,2871,source_derived_copy; anonymous_build_normalization_or_regeneration; anonymous_build_normalization_or_regeneration,Release bytes intentionally differ from the recorded upstream source hash. Release bytes intentionally differ from the recorded upstream source hash.
paper/analysis/alignment_mixed_model_attempt.json,d6d2c632f9540d530987a4cb8c5a2276c080479821583f5427ad5d1d1642a634,analysis/alignment_mixed_model_attempt.json,ecb1dfce3885f0eea1d179e8daeb65b0fb7212a22b93ef9eb39237b6d0e3e661,5469,absolute_paths_sanitized; anonymous_build_normalization_or_regeneration; anonymous_build_normalization_or_regeneration,Release bytes intentionally differ from the recorded upstream source hash. Release bytes intentionally differ from the recorded upstream source hash.
paper/analysis/alignment_model_form_checks.csv,d4d2dce4817093f92088a8c8b233d843ddf2f5114138d9a9d03bd66ebc617d03,analysis/alignment_model_form_checks.csv,e5d799418cd43d2456e3b000d1d9e85a39e014f11ec0a747bf4c115d3799cf54,5405,source_derived_copy; anonymous_build_normalization_or_regeneration; anonymous_build_normalization_or_regeneration,Release bytes intentionally differ from the recorded upstream source hash. Release bytes intentionally differ from the recorded upstream source hash.
paper/analysis/alignment_ordinal_gee_attempt.json,6569825b54153201d569a347ae3de800f329bd33c5ff09f3dd2a229761d6c7f0,analysis/alignment_ordinal_gee_attempt.json,6e4f5daeeb8404540cbe6f4e9ea29dff0683765ccdeb33b08f4bca0248257b59,2660,absolute_paths_sanitized; anonymous_build_normalization_or_regeneration; anonymous_build_normalization_or_regeneration,Release bytes intentionally differ from the recorded upstream source hash. Release bytes intentionally differ from the recorded upstream source hash.
paper/analysis/alignment_sensitivity.csv,94df46d1742e1c7a0c00898de40da2e74cac2b9bb1b548464f03507681554423,analysis/alignment_sensitivity.csv,d115a924adfd39d80fb95d163d04f357cb5181bf1db2d04d8283563e2d6447c2,29275,source_derived_copy; anonymous_build_normalization_or_regeneration; anonymous_build_normalization_or_regeneration,Release bytes intentionally differ from the recorded upstream source hash. Release bytes intentionally differ from the recorded upstream source hash.
paper/analysis/alignment_standardization_constants.csv,15ab11cecb0cf5a8b3f1308f6cba3a78888fa4b2d389770650560f9dace0c2ac,analysis/alignment_standardization_constants.csv,496e348c2916bfb5e581db4f3df0ba8de6eb61310ffd0399591182755068cfde,1771,source_derived_copy; anonymous_build_normalization_or_regeneration; anonymous_build_normalization_or_regeneration,Release bytes intentionally differ from the recorded upstream source hash. Release bytes intentionally differ from the recorded upstream source hash.
paper/analysis/alignment_threshold_refit.csv,3641cb3da9de078c6311a5a024eca1019d7c60d7ffe0284fcaedd38093ee052c,analysis/alignment_threshold_refit.csv,f15d19b63580dcbc38bc99a628749ef1839e3d63b13215db0631ab61a486fa20,1460,source_derived_copy; anonymous_build_normalization_or_regeneration; anonymous_build_normalization_or_regeneration,Release bytes intentionally differ from the recorded upstream source hash. Release bytes intentionally differ from the recorded upstream source hash.
paper/analysis/alignment_validation.json,2631fb34db21442cef4899238683a084f82b77f3f542608957be970dfe6d4e6c,analysis/alignment_validation.json,e730288e6f6a162a9598aefb364aef55891e7dcc19c9ec3ab288aa6ba64b7705,9829,absolute_paths_sanitized; anonymous_build_normalization_or_regeneration; anonymous_build_normalization_or_regeneration,Release bytes intentionally differ from the recorded upstream source hash. Release bytes intentionally differ from the recorded upstream source hash.
paper/analysis/api_stimulus_equivalence_810.csv,751b01e88fb7828d2585c8abb4333bba33c955dd2311bcbf566d15c2656dc8d5,analysis/api_stimulus_equivalence_810.csv,17302e3b0413ee102a9d84163c60f45d6022eb11c6b588cfa76200692b622f49,143134,source_derived_copy; anonymous_build_normalization_or_regeneration; anonymous_build_normalization_or_regeneration,Release bytes intentionally differ from the recorded upstream source hash. Release bytes intentionally differ from the recorded upstream source hash.
paper/analysis/cleaned_human_ratings_long.csv,f66b709a5a8415783648b8015c25a4926065508f3bebbfe3b300a3b6b967cbe5,analysis/cleaned_human_ratings_long.csv,4b72dc73afd9683028a50ce09cdfc011a0f139e4358b82f9ebe5184b252d8775,725251,nonreversible_random_rekey; row_shuffle; source_file_removed; anonymous_build_normalization_or_regeneration; anonymous_build_normalization_or_regeneration,Release bytes intentionally differ from the recorded upstream source hash. Release bytes intentionally differ from the recorded upstream source hash.
paper/analysis/controlled_ab_machine_human_case_summary.csv,28b90cfd4569abba158b0bddd5969129ca27d3773f68928a64f0103c6479b105,analysis/controlled_ab_machine_human_case_summary.csv,28b90cfd4569abba158b0bddd5969129ca27d3773f68928a64f0103c6479b105,784,byte_exact_copy,
paper/analysis/controlled_ab_machine_human_results.json,d3921455b086d70f7d9855971ad21f191e1cf16cefc52ea37a5904793385008e,analysis/controlled_ab_machine_human_results.json,c80f6392d2a0650d64c868988e4946923332c464669d996648147dae12ec6829,6862,absolute_paths_sanitized; anonymous_build_normalization_or_regeneration; anonymous_build_normalization_or_regeneration,Release bytes intentionally differ from the recorded upstream source hash. Release bytes intentionally differ from the recorded upstream source hash.
paper/analysis/controlled_ab_machine_judge_case_long.csv,6844fa35a44ba3d7a38df955cf42202a4c918434681e5e609f45babffe6397ec,analysis/controlled_ab_machine_judge_case_long.csv,6844fa35a44ba3d7a38df955cf42202a4c918434681e5e609f45babffe6397ec,8779,byte_exact_copy,
paper/analysis/controlled_ab_pair_text_crosswalk.csv,d4d9f1539986ea2aba0341051058c7a9639579eb1a85c2b3e04c0a89b20f0308,analysis/controlled_ab_pair_text_crosswalk.csv,d4d9f1539986ea2aba0341051058c7a9639579eb1a85c2b3e04c0a89b20f0308,2586,byte_exact_copy,
paper/analysis/difference_survey_analysis_results.json,b4e70aa493572b06abf6901dee84b72cdb44761dff3776e1c1eeb006073906c1,analysis/difference_survey_analysis_results.json,8d9ac89c2151262e232061895fa1074474814805b408ffe3889f466feb17cb91,24707,n_lt_5_background_subgroups_removed; primary_and_case_results_preserved; anonymous_build_normalization_or_regeneration; anonymous_build_normalization_or_regeneration,Release bytes intentionally differ from the recorded upstream source hash. Release bytes intentionally differ from the recorded upstream source hash.
paper/analysis/difference_survey_cleaned_long.csv,318137713581d2950e0809e56ff65fc42754959d190f15f53921f0f9a833668e,analysis/difference_survey_cleaned_long.csv,b118eb08ee847222a0b1f0951e77516ac1ccbbe720cd28916697b35b119f2acb,80628,nonreversible_random_rekey; row_shuffle; exact_duration_removed; background_fields_removed; duration_status_coarsened; anonymous_build_normalization_or_regeneration; anonymous_build_normalization_or_regeneration,Release bytes intentionally differ from the recorded upstream source hash. Release bytes intentionally differ from the recorded upstream source hash.
paper/analysis/final_cleaning_manifest.json,37732f3e6533b2709982bcf7079eaf98821ce21938196b414f6aa8326527690d,analysis/final_cleaning_manifest.json,985e922a33444b651a53e8173bd47251fb09e1ccec34b6e610ef0ba4ff102d43,2641,manifest_rebuilt_for_privacy_minimized_release; anonymous_build_normalization_or_regeneration; anonymous_build_normalization_or_regeneration,Release bytes intentionally differ from the recorded upstream source hash. Release bytes intentionally differ from the recorded upstream source hash.
paper/analysis/final_sensitivity_panels/attention_only.csv,d93197c906b4ba18392fe67595dead6b0d2dfbe9de347969a7cd490a0b8fb752,analysis/final_sensitivity_panels/attention_only.csv,9160a5e2f242e7134c12a9f88fe98e92c817ed705b087bf64bb79efed7d67e25,953851,nonreversible_random_rekey; row_shuffle; source_file_removed; anonymous_build_normalization_or_regeneration; anonymous_build_normalization_or_regeneration,Release bytes intentionally differ from the recorded upstream source hash. Release bytes intentionally differ from the recorded upstream source hash.
paper/analysis/final_sensitivity_panels/final_primary.csv,f66b709a5a8415783648b8015c25a4926065508f3bebbfe3b300a3b6b967cbe5,analysis/final_sensitivity_panels/final_primary.csv,4b72dc73afd9683028a50ce09cdfc011a0f139e4358b82f9ebe5184b252d8775,725251,same privacy transform as cleaned_human_ratings_long; byte-identical release copy; anonymous_build_normalization_or_regeneration; anonymous_build_normalization_or_regeneration,Release bytes intentionally differ from the recorded upstream source hash. Release bytes intentionally differ from the recorded upstream source hash.
paper/analysis/final_sensitivity_panels/second_case05_case07_mean.csv,0f307597150ed347e22ce27e55f796bb4574f882d8814406155a50ca34a8c44c,analysis/final_sensitivity_panels/second_case05_case07_mean.csv,2ed4f000c9a41dfc48c7aebf0bb407909094cb751ac9cc3806a49850d57410f4,339367,nonreversible_random_rekey; row_shuffle; source_file_removed; anonymous_build_normalization_or_regeneration; anonymous_build_normalization_or_regeneration,Release bytes intentionally differ from the recorded upstream source hash. Release bytes intentionally differ from the recorded upstream source hash.
paper/analysis/final_sensitivity_panels/strict_first_both_pairs.csv,4fc858f5fc916df7d62880c9275fe29d36b184748f0936459a0115686605e571,analysis/final_sensitivity_panels/strict_first_both_pairs.csv,4b9feb30b2ba5adbb81704f48e505c1f105ad6a45410a1ac1a9b089056ab4032,280237,nonreversible_random_rekey; row_shuffle; source_file_removed; anonymous_build_normalization_or_regeneration; anonymous_build_normalization_or_regeneration,Release bytes intentionally differ from the recorded upstream source hash. Release bytes intentionally differ from the recorded upstream source hash.
paper/analysis/final_sensitivity_panels/threshold_70.csv,9d9007520e9b2f3c549cc9120f1f70fe7a5bd3e5ef4ae1f2c6d039c1b13f1674,analysis/final_sensitivity_panels/threshold_70.csv,ae6e64a3ca00b0ec6aa5f805c3f2b2c788b8b16ca17778695577ca7dc5f9011f,385987,nonreversible_random_rekey; row_shuffle; source_file_removed; anonymous_build_normalization_or_regeneration; anonymous_build_normalization_or_regeneration,Release bytes intentionally differ from the recorded upstream source hash. Release bytes intentionally differ from the recorded upstream source hash.
paper/analysis/final_sensitivity_panels/threshold_80.csv,b5a402aac884042441b1ec37860fd048384bf80833959225468e1c27cc6a68f0,analysis/final_sensitivity_panels/threshold_80.csv,465f0f9922c19813f7d7e2c932504f92eb4b173c2cd9d1566a919b080673ace8,278941,nonreversible_random_rekey; row_shuffle; source_file_removed; anonymous_build_normalization_or_regeneration; anonymous_build_normalization_or_regeneration,Release bytes intentionally differ from the recorded upstream source hash. Release bytes intentionally differ from the recorded upstream source hash.
paper/analysis/final_sensitivity_panels/threshold_90.csv,7f0e24023b19216d0103a2f40f7842a19ddca93f5e8de5472c49e22a6465943b,analysis/final_sensitivity_panels/threshold_90.csv,ab645ccf535ebb6e777b3ac7a1596fd8e3e9bf4721825a0b3b5ca5a075db734e,190453,nonreversible_random_rekey; row_shuffle; source_file_removed; anonymous_build_normalization_or_regeneration; anonymous_build_normalization_or_regeneration,Release bytes intentionally differ from the recorded upstream source hash. Release bytes intentionally differ from the recorded upstream source hash.
paper/analysis/final_sensitivity_panels/threshold_95.csv,6b56a6167f20689977631a224fa3d931fa3400b7368f449cbf495f67c04ced55,analysis/final_sensitivity_panels/threshold_95.csv,43e9a7471e4d0248c197096d52cd681cf6a1450417e310e3e69a96427986fe1f,127003,nonreversible_random_rekey; row_shuffle; source_file_removed; anonymous_build_normalization_or_regeneration; anonymous_build_normalization_or_regeneration,Release bytes intentionally differ from the recorded upstream source hash. Release bytes intentionally differ from the recorded upstream source hash.
paper/analysis/human_api_crosswalk.csv,3e4899c647d2def2776f696377ce9805f23dbab0a5e4b61d03950b2a0bab99a8,analysis/human_api_crosswalk.csv,6a55a0fa3489394a1552b75c1e0674c9b41e89f71fa19f2945b5a68ac8420b73,81110,source_derived_copy; anonymous_build_normalization_or_regeneration; anonymous_build_normalization_or_regeneration,Release bytes intentionally differ from the recorded upstream source hash. Release bytes intentionally differ from the recorded upstream source hash.
paper/analysis/human_api_crosswalk_audit.json,b599af10e14472394ba5263fbcdd6e26745a708d0b70d39c27c31790391e43e9,analysis/human_api_crosswalk_audit.json,04005de07807022e62530671b0d1deb6a679ce94a2110c3eb080573dc101da00,1249,absolute_paths_sanitized; anonymous_build_normalization_or_regeneration; anonymous_build_normalization_or_regeneration,Release bytes intentionally differ from the recorded upstream source hash. Release bytes intentionally differ from the recorded upstream source hash.
paper/analysis/public_abc_analysis_results.json,7e5ccc7ef46ad0aaf728ef5c1c2b7e199d6fbbbf5e885884c759921ddd1a6969,analysis/public_abc_analysis_results.json,42fb3ef20efd20b84e5ea6e241cd3eb2124fad8c79e0c5dd243ffc534f3cca3a,66873,sparse_background_balance_removed; inferential_results_preserved; anonymous_build_normalization_or_regeneration; anonymous_build_normalization_or_regeneration,Release bytes intentionally differ from the recorded upstream source hash. Release bytes intentionally differ from the recorded upstream source hash.
paper/analysis/public_abc_cleaned_long.csv,8c4ad888c1ff993602f6ed3c6338618bc2a384b9aa850dfe0311361fa3368268,analysis/public_abc_cleaned_long.csv,19c53c56dfa1c24bea2cec089b61cf34f39b5819fafa24f086825536c4e86ed6,308160,nonreversible_random_rekey; row_shuffle; exact_duration_removed; background_fields_removed; duration_status_coarsened; anonymous_build_normalization_or_regeneration; anonymous_build_normalization_or_regeneration,Release bytes intentionally differ from the recorded upstream source hash. Release bytes intentionally differ from the recorded upstream source hash.
paper/analysis/public_semantic_crosswalk_audit.json,b238f674cc7bef6de8e0528bc730003b0a7a5a1163199855a5fe8d7774d767ec,analysis/public_semantic_crosswalk_audit.json,b34a5d55dc75ccfe812b9d725adab0bf11dea3244195e5e4cb199efb4bb8262a,12251,absolute_paths_sanitized; anonymous_build_normalization_or_regeneration; anonymous_build_normalization_or_regeneration,Release bytes intentionally differ from the recorded upstream source hash. Release bytes intentionally differ from the recorded upstream source hash.
paper/analysis/public_semantic_crosswalk_candidates.csv,5c93d642e4abfc2cb0d85a9bf404c0c61559507a32532825f98e488052d14410,analysis/public_semantic_crosswalk_candidates.csv,1ae83ac095b3046ee360f8b44c1fa38a927b099badffb026384d664be941687a,27642,source_derived_copy; anonymous_build_normalization_or_regeneration; anonymous_build_normalization_or_regeneration,Release bytes intentionally differ from the recorded upstream source hash. Release bytes intentionally differ from the recorded upstream source hash.
paper/analysis/public_semantic_crosswalk.csv,868b0c627b1cb65a1779ca6a6d24863c945cf8cc33ef1f6024dac50c14f9e940,analysis/public_semantic_crosswalk_hash_release.csv,a08d283287d267aafd4119c951bc0ef687259e45a999212c4fcca701e2d2b696,31895,full_instrument_text_removed; per_cell_sha256_and_character_count_added; anonymous_build_normalization_or_regeneration; anonymous_build_normalization_or_regeneration,Release bytes intentionally differ from the recorded upstream source hash. Release bytes intentionally differ from the recorded upstream source hash.
paper/analysis/questionnaire_item_dictionary.csv,bda532df8343af54346f8c2cf1cfcceac34f561af911a59cef3d4f99a39c81ea,analysis/questionnaire_item_dictionary_hash_release.csv,5510420ce5363f530683bfbd18188be4a428e1942da069a2db70cf67c9b7b3a1,26012,questionnaire_item_text_removed; full_sha256_and_character_count_added; anonymous_build_normalization_or_regeneration; anonymous_build_normalization_or_regeneration,Release bytes intentionally differ from the recorded upstream source hash. Release bytes intentionally differ from the recorded upstream source hash.
paper/analysis/reliability_api_ensemble_size_stability.csv,5bc032af837712345f879d42c87236e8a1587d2e5c8d6c36e15dbf8ad5a9831f,analysis/reliability_api_ensemble_size_stability.csv,bb7ddc6f60f7d1b8e2ab1c0503e801543947471c73d70fa34d17e9c6096233e4,69062,source_derived_copy; anonymous_build_normalization_or_regeneration; anonymous_build_normalization_or_regeneration,Release bytes intentionally differ from the recorded upstream source hash. Release bytes intentionally differ from the recorded upstream source hash.
paper/analysis/reliability_api_estimates.csv,6079e49ce5036dc85b2bf324109153e2f92bea85fdce26f686e88a2dcf6f0cff,analysis/reliability_api_estimates.csv,b24c699f95e0944d65c57a3ba47828dd54b4560e7394ef7db89cb652a0f35522,7575,source_derived_copy; anonymous_build_normalization_or_regeneration; anonymous_build_normalization_or_regeneration,Release bytes intentionally differ from the recorded upstream source hash. Release bytes intentionally differ from the recorded upstream source hash.
paper/analysis/reliability_human_estimates.csv,f41f22bb34a9440e956e546857ca6e96f015a41b2f101c3bb83fd0f004afbb1d,analysis/reliability_human_estimates.csv,0d6b1e2450de3f4eb8363b51dbbcc5e7a02d95c1c928db46363432661b0aa13c,19640,source_derived_copy; anonymous_build_normalization_or_regeneration; anonymous_build_normalization_or_regeneration,Release bytes intentionally differ from the recorded upstream source hash. Release bytes intentionally differ from the recorded upstream source hash.
paper/analysis/reliability_human_panel_size_curve.csv,37b8a224daf30c59e60a3ed7207a028e6962146a4ff6a2b827aa1499a83868aa,analysis/reliability_human_panel_size_curve.csv,764d223a1875282b5f68adaa32c4cb182d10dafd2470421344038cc9b25846f0,188128,source_derived_copy; anonymous_build_normalization_or_regeneration; anonymous_build_normalization_or_regeneration,Release bytes intentionally differ from the recorded upstream source hash. Release bytes intentionally differ from the recorded upstream source hash.
paper/analysis/reliability_qa.json,c1406011ca9773a01445371f0c8b3187e2c69b9fb76ecb7a4df1066f874492f7,analysis/reliability_qa.json,fc6e21470c21a78a01979e23803a766c498b1baa67cfb13d622eec1700a77d74,1931,absolute_paths_sanitized; anonymous_build_normalization_or_regeneration; anonymous_build_normalization_or_regeneration,Release bytes intentionally differ from the recorded upstream source hash. Release bytes intentionally differ from the recorded upstream source hash.
paper/analysis/alignment_first_bootstrap_draws.csv.gz,5931d8e5af8e7d9968bd420706fce00387d6b84e00d4cd30942b09c9875cf9f6,analysis/resampling_draws/alignment_first_bootstrap_draws.csv.gz,5931d8e5af8e7d9968bd420706fce00387d6b84e00d4cd30942b09c9875cf9f6,636261,byte_exact_copy,
paper/analysis/alignment_first_permutation_draws.csv.gz,e71bb70d3e4acf79b68953145b631bf5470c3a3537d04fbad9ebcf086976e056,analysis/resampling_draws/alignment_first_permutation_draws.csv.gz,e71bb70d3e4acf79b68953145b631bf5470c3a3537d04fbad9ebcf086976e056,2117766,byte_exact_copy,
paper/analysis/alignment_second_concept_bootstrap_draws.csv.gz,9de54c7f953a7f7a32bd76b2731738b86336be3651bc5d95b447510c8b245fea,analysis/resampling_draws/alignment_second_concept_bootstrap_draws.csv.gz,9de54c7f953a7f7a32bd76b2731738b86336be3651bc5d95b447510c8b245fea,471082,byte_exact_copy,
paper/analysis/alignment_second_exact_draws.csv.gz,855f159e54f953b57975d5c047d3c3c24a2e917f0b77465ea97958fcffc168b4,analysis/resampling_draws/alignment_second_exact_draws.csv.gz,855f159e54f953b57975d5c047d3c3c24a2e917f0b77465ea97958fcffc168b4,4379651,byte_exact_copy,
paper/analysis/alignment_second_item_bootstrap_draws.csv.gz,f498da942c19b39b670e99ace83adecd1a02e638addeb1c1cca5d629e512df54,analysis/resampling_draws/alignment_second_item_bootstrap_draws.csv.gz,f498da942c19b39b670e99ace83adecd1a02e638addeb1c1cca5d629e512df54,508548,byte_exact_copy,
paper/analysis/alignment_manifest.json,c875082d33682f7cfd6cf0effbf37b72720df4f91a36d47050a3a892567845a6,analysis/source_manifests/alignment_manifest.json,dea77c87c874eed7c505e15781753baec9696450e938e46e67061faf75b98162,9272,absolute_paths_sanitized; anonymous_build_normalization_or_regeneration; anonymous_build_normalization_or_regeneration,Release bytes intentionally differ from the recorded upstream source hash. Release bytes intentionally differ from the recorded upstream source hash.
paper/analysis/controlled_ab_machine_human_manifest.json,fedda1482824dcf9c59f67117d48fc406bee284ef6d46f8adcbc5114e2f689be,analysis/source_manifests/controlled_ab_machine_human_manifest.json,b75cb7c0dae129d0199c6f0f25a13e2c5402b6051271a1e9e92c75c3e2d04940,2744,absolute_paths_sanitized; anonymous_build_normalization_or_regeneration; anonymous_build_normalization_or_regeneration,Release bytes intentionally differ from the recorded upstream source hash. Release bytes intentionally differ from the recorded upstream source hash.
paper/analysis/difference_survey_analysis_manifest.json,5e99812ef75e7624e1cd61685d2f7bfe84dc78a00232e5316e7f1a153a3b140f,analysis/source_manifests/difference_survey_analysis_manifest.json,679f1bfe94cbb43828125cc5c36616782ae5cc309484bcc45d3ffe058179560b,2246,absolute_paths_sanitized; anonymous_build_normalization_or_regeneration; anonymous_build_normalization_or_regeneration,Release bytes intentionally differ from the recorded upstream source hash. Release bytes intentionally differ from the recorded upstream source hash.
paper/analysis/public_abc_analysis_manifest.json,ee2be28a8e218837c0cf7e7e158d162d080f834075a4d4cc8f16c9f8379a152c,analysis/source_manifests/public_abc_analysis_manifest.json,c073b8b0f5ef7c259f1d3919addab3a3158e7d4d23c1e591ab1f8a5c472703d5,4076,absolute_paths_sanitized; anonymous_build_normalization_or_regeneration; anonymous_build_normalization_or_regeneration,Release bytes intentionally differ from the recorded upstream source hash. Release bytes intentionally differ from the recorded upstream source hash.
paper/analysis/reliability_manifest.json,34962c89c91a00b65614a04cf20f608710851cc0221e6fd716e1f747674e22ff,analysis/source_manifests/reliability_manifest.json,319f340fa6c7e9319a6d10baabd07fbea5140c729d4572fec6c3835437b305cf,4506,absolute_paths_sanitized; anonymous_build_normalization_or_regeneration; anonymous_build_normalization_or_regeneration,Release bytes intentionally differ from the recorded upstream source hash. Release bytes intentionally differ from the recorded upstream source hash.
workspace/数据与问卷源文件/AI测试数据全集/40_GitHub发布修订/rebuttal_update_20260714/data/api_test_scores_7290.csv,4bb91453c6ccfc22e0c24f99c487543686455b7875148f85e759113181a70da4,data/40_GitHub/rebuttal_update_20260714/api_test_scores_7290.csv,4bb91453c6ccfc22e0c24f99c487543686455b7875148f85e759113181a70da4,2187083,byte_exact_score_matrix; contains hashes but no complete prompt/payload text,
GENERATED,,DATA_DICTIONARY.md,ba83ad457ba6807d3ae51944f3a89d13e2bb8a5ef5ff814cd095d72dd746e3bc,3299,generated,
GENERATED,,DESIGN_BOUNDARY.json,356b6e85a144310b560980179b2bc60400180b38bfb385d2ed867ef752973405,1059,generated,
GENERATED,,DESIGN_BOUNDARY.md,e6b58f616f701adc8da1b51b8d7c3de84188ec825894a2cbc75ccb412b514cfe,1124,generated,
GENERATED,,environment/requirements-analysis.txt,7a6d83dd654f05a43c061a78bef6bd9e858c14e9dfcff41542fec31cd5beed1e,90,generated,
GENERATED_OR_ALLOWLISTED_PROJECT_ARTIFACT,,environment/requirements-figures.txt,ec2015e7098e180ad2c08fca69af2661db776c8b83a83beef45be06e71739cd7,48,anonymous_repository_build,Added or regenerated by the anonymous repository builder.
GENERATED,,environment/seeds_and_versions.json,ffceaedc1091c3c65d2f6b517dfd3e0e43fe384cdd184ab4e7486b7f7d0dcef1,1436,generated,
GENERATED_OR_ALLOWLISTED_PROJECT_ARTIFACT,,experiments/api_aggregation_human_baselines/AGGREGATION_HUMAN_BASELINES_REPORT.md,b218502efff6e2e5ee939d7f3d691ccb52e6ba9d5f92ee4192b0088f2968ff45,4404,anonymous_repository_build,Added or regenerated by the anonymous repository builder.
GENERATED_OR_ALLOWLISTED_PROJECT_ARTIFACT,,experiments/api_aggregation_human_baselines/aggregation_human_common_data.csv,1815e0faebb0b95c1693fbcf343abda5d5bdee1607e43c016c25349d9190e4da,3859144,anonymous_repository_build,Added or regenerated by the anonymous repository builder.
GENERATED_OR_ALLOWLISTED_PROJECT_ARTIFACT,,experiments/api_aggregation_human_baselines/aggregation_human_manifest.json,9233fbe859be3b3f7f5fbe8e70c96522b7f1943cb4e7297338684926c6a242e4,8633,anonymous_repository_build,Added or regenerated by the anonymous repository builder.
GENERATED_OR_ALLOWLISTED_PROJECT_ARTIFACT,,experiments/api_aggregation_human_baselines/aggregation_human_results.csv,86de8c9839ba6752e13c94f0240a6eeb8ea5e9da2000ac9b3e1210b0c4ffb7bd,8153,anonymous_repository_build,Added or regenerated by the anonymous repository builder.
GENERATED_OR_ALLOWLISTED_PROJECT_ARTIFACT,,experiments/api_aggregation_human_baselines/aggregation_human_results.json,246f8c7f73e986c69ea9f7cec0de118787d7a2a15318a30619c48453682d8cba,30855,anonymous_repository_build,Added or regenerated by the anonymous repository builder.
GENERATED_OR_ALLOWLISTED_PROJECT_ARTIFACT,,experiments/api_aggregation_human_baselines/aggregation_paired_beta_differences.csv,0e6ddb5d83505f99a4454cc766ac9b3e398fdb6acb40d47d3ead2230907cb371,3605,anonymous_repository_build,Added or regenerated by the anonymous repository builder.
GENERATED_OR_ALLOWLISTED_PROJECT_ARTIFACT,,experiments/api_aggregation_human_baselines/aggregation_standardization_constants.csv,d6959015b8294ed0cee88d3fd69178c8c74f80dafc52b63563062716bb25550a,7854,anonymous_repository_build,Added or regenerated by the anonymous repository builder.
GENERATED_OR_ALLOWLISTED_PROJECT_ARTIFACT,,experiments/api_aggregation_human_baselines/analyze_aggregation_human_baselines.py,5a7c427d532efb25849c687e984f76400e5ec164c0024762c3d0dac31a6d3550,43748,anonymous_repository_build,Added or regenerated by the anonymous repository builder.
GENERATED_OR_ALLOWLISTED_PROJECT_ARTIFACT,,experiments/api_aggregation_human_baselines/generator_judge_family_mapping.csv,5c7eb1a38a5179463820ea4cd469acec770bec0e35c9e94e88a306451189b8ef,214,anonymous_repository_build,Added or regenerated by the anonymous repository builder.
GENERATED_OR_ALLOWLISTED_PROJECT_ARTIFACT,,experiments/api_aggregation_human_baselines/README.md,2f6c7c851cc9d289cea781e83892d77d1c3f942a741932944f4892ea55726eef,1219,anonymous_repository_build,Added or regenerated by the anonymous repository builder.
GENERATED_OR_ALLOWLISTED_PROJECT_ARTIFACT,,experiments/api_aggregation_human_baselines/recompute_aggregation_from_common.py,5686e4a4ae854c1bf5beaf0e577fc7ae4f3e98929a120e66e97ef71035313e44,10595,anonymous_repository_build,Added or regenerated by the anonymous repository builder.
GENERATED_OR_ALLOWLISTED_PROJECT_ARTIFACT,,experiments/api_reader_bridge_18/analyze_reader_bridge.py,7ec47821b1000d164f79e761bba7cefe4b561d4f8a05b421cdc165ef0b9022ca,36426,anonymous_repository_build,Added or regenerated by the anonymous repository builder.
GENERATED_OR_ALLOWLISTED_PROJECT_ARTIFACT,,experiments/api_reader_bridge_18/api_scores_merged_162.csv,b6f0a28847b1bcd701ce3d8a78f50ecb0e9012a40ae8e04ad722599060688649,40945,anonymous_repository_build,Added or regenerated by the anonymous repository builder.
GENERATED_OR_ALLOWLISTED_PROJECT_ARTIFACT,,experiments/api_reader_bridge_18/inputs.csv,ccbfaf5db824981eccaf598e8294582dcc8c663aacb8146f348a13be27b4eda4,11486,anonymous_repository_build,Added or regenerated by the anonymous repository builder.
GENERATED_OR_ALLOWLISTED_PROJECT_ARTIFACT,,experiments/api_reader_bridge_18/inputs.jsonl,295ee7518c3d596529b8d79bdca87d028d06a627c4cfaaf9067489d3c3565202,25314,anonymous_repository_build,Added or regenerated by the anonymous repository builder.
GENERATED_OR_ALLOWLISTED_PROJECT_ARTIFACT,,experiments/api_reader_bridge_18/manifest.json,9fb092e52215e3aa76ba53787677ccde6bdbe1d1ddf481065e9e53780de83d53,7711,anonymous_repository_build,Added or regenerated by the anonymous repository builder.
GENERATED_OR_ALLOWLISTED_PROJECT_ARTIFACT,,experiments/api_reader_bridge_18/mapping.csv,935c34d2d1cd69f98b6b472adedd73f2dcb9a6a8ce2b65cb87705972a0ce1c6b,3750,anonymous_repository_build,Added or regenerated by the anonymous repository builder.
GENERATED_OR_ALLOWLISTED_PROJECT_ARTIFACT,,experiments/api_reader_bridge_18/qa_inputs.py,1acb387b11d07baf6cee4a9bf85737b862f2515a7011ed01ee6d3f62a04d9624,9321,anonymous_repository_build,Added or regenerated by the anonymous repository builder.
GENERATED_OR_ALLOWLISTED_PROJECT_ARTIFACT,,experiments/api_reader_bridge_18/reader_bridge_analysis_manifest.json,b416b8557e095bd383bccac4b86572743dbf1a583daac77553ed4374566664f4,5332,anonymous_repository_build,Added or regenerated by the anonymous repository builder.
GENERATED_OR_ALLOWLISTED_PROJECT_ARTIFACT,,experiments/api_reader_bridge_18/reader_bridge_analysis_results.json,093adfd641624e9ad26e08b04fa88197863f343bdd68bc944b11362d6ba82e59,16470,anonymous_repository_build,Added or regenerated by the anonymous repository builder.
GENERATED_OR_ALLOWLISTED_PROJECT_ARTIFACT,,experiments/api_reader_bridge_18/reader_bridge_associations.csv,7f6b5849227bed54cd46c037560ee16f930db669f5afc8d5f5bd18e6df2f610b,5185,anonymous_repository_build,Added or regenerated by the anonymous repository builder.
GENERATED_OR_ALLOWLISTED_PROJECT_ARTIFACT,,experiments/api_reader_bridge_18/reader_bridge_cells_18.csv,bde1dcf87071ec1379d4de747d48116f53786274fc4101ed94eaa5ca80a15b38,11546,anonymous_repository_build,Added or regenerated by the anonymous repository builder.
GENERATED_OR_ALLOWLISTED_PROJECT_ARTIFACT,,experiments/api_reader_bridge_18/READER_BRIDGE_REPORT.md,c33caafe0a1b6111f4c9232f19478e02f343963d5ca72f269b7ef88967769dc8,2578,anonymous_repository_build,Added or regenerated by the anonymous repository builder.
GENERATED_OR_ALLOWLISTED_PROJECT_ARTIFACT,,experiments/api_reader_bridge_18/reader_bridge_version_summary.csv,6d6a998f88bcb986be8edbee19fbb8ebaf128fcb3f2052608d4f656c4f67e204,582,anonymous_repository_build,Added or regenerated by the anonymous repository builder.
GENERATED_OR_ALLOWLISTED_PROJECT_ARTIFACT,,experiments/api_reader_bridge_18/README.md,1a24963414ab55f1e6420b8d2b9762a271ec0651ffb83f82b199a97b4d97e3d0,2157,anonymous_repository_build,Added or regenerated by the anonymous repository builder.
GENERATED_OR_ALLOWLISTED_PROJECT_ARTIFACT,,experiments/api_reader_bridge_18/runner_inputs.csv,6d8691caa62c88e3493901bfee8f57db1a8f67e788c04a96de921d9fb8fa536e,8879,anonymous_repository_build,Added or regenerated by the anonymous repository builder.
GENERATED_OR_ALLOWLISTED_PROJECT_ARTIFACT,,experiments/api_reader_bridge_18/runs/anthropic/api_judge_scores_long.csv,e9e12b6e12bc0eeb235f6587921e17eea6dd10f99d65572a604ca5848979b4eb,3001,anonymous_repository_build,Added or regenerated by the anonymous repository builder.
GENERATED_OR_ALLOWLISTED_PROJECT_ARTIFACT,,experiments/api_reader_bridge_18/runs/deepseek/api_judge_scores_long.csv,bfbe8bba130ffa6b82d472d4cabf8a178059bcac65fb9d956b50e6a231a5a013,3556,anonymous_repository_build,Added or regenerated by the anonymous repository builder.
GENERATED_OR_ALLOWLISTED_PROJECT_ARTIFACT,,experiments/api_reader_bridge_18/runs/doubao/api_judge_scores_long.csv,f524dbdfefbbdcdf98e2c202ee8c0a3559768fa1f5bef10da67aaf3016480117,3525,anonymous_repository_build,Added or regenerated by the anonymous repository builder.
GENERATED_OR_ALLOWLISTED_PROJECT_ARTIFACT,,experiments/api_reader_bridge_18/runs/gemini/api_judge_scores_long.csv,fa0631690ff086c62201a5ec7a61e516cb175bc0fc64fd38b9299b1aed0a788a,3337,anonymous_repository_build,Added or regenerated by the anonymous repository builder.
GENERATED_OR_ALLOWLISTED_PROJECT_ARTIFACT,,experiments/api_reader_bridge_18/runs/glm/api_judge_scores_long.csv,05a30909a3132a6e0c6f02e7a095215fc17f8705af81723e917b3691afafe2ac,1989,anonymous_repository_build,Added or regenerated by the anonymous repository builder.
GENERATED_OR_ALLOWLISTED_PROJECT_ARTIFACT,,experiments/api_reader_bridge_18/runs/kimi/api_judge_scores_long.csv,6c1cbeb8fe432a4c13736edcdcf98d197f0edf29f5920f6b437579c1b99cdb41,2911,anonymous_repository_build,Added or regenerated by the anonymous repository builder.
GENERATED_OR_ALLOWLISTED_PROJECT_ARTIFACT,,experiments/api_reader_bridge_18/runs/mimo/api_judge_scores_long.csv,6f8eb963ac9d1ad1ccdbb265741491fb4e92291c6b07dc19ba26826756fc1fa4,2533,anonymous_repository_build,Added or regenerated by the anonymous repository builder.
GENERATED_OR_ALLOWLISTED_PROJECT_ARTIFACT,,experiments/api_reader_bridge_18/runs/openai/api_judge_scores_long.csv,9aba4eb9b614148b8cf806f37ab63558e31013cc04787dc1ba277f2beef349c7,2407,anonymous_repository_build,Added or regenerated by the anonymous repository builder.
GENERATED_OR_ALLOWLISTED_PROJECT_ARTIFACT,,experiments/api_reader_bridge_18/runs/qwen/api_judge_scores_long.csv,eeb308976a64beb39e72cd44a1faba6563e745b3e5c2d4f607f2d8a42b04b44e,2515,anonymous_repository_build,Added or regenerated by the anonymous repository builder.
GENERATED_OR_ALLOWLISTED_PROJECT_ARTIFACT,,experiments/api_repeat_stability/analyze_repeat_stability.py,facd14ab5c2d4347835000e8b1cbe932ff2ec021f06fc061c25f31a40aad3bd4,42965,anonymous_repository_build,Added or regenerated by the anonymous repository builder.
GENERATED_OR_ALLOWLISTED_PROJECT_ARTIFACT,,experiments/api_repeat_stability/build_runner_inputs.py,d849b5919c4f83c129971e05a0ee6c07e5a2c980cc3cc66b2859ed6e0a7bb14b,8187,anonymous_repository_build,Added or regenerated by the anonymous repository builder.
GENERATED_OR_ALLOWLISTED_PROJECT_ARTIFACT,,experiments/api_repeat_stability/judge_repetition_grid.csv,68e6c186fbff9394130ec3264c066198ecab8fb8631dc4b9d7162361e71ef65c,2046,anonymous_repository_build,Added or regenerated by the anonymous repository builder.
GENERATED_OR_ALLOWLISTED_PROJECT_ARTIFACT,,experiments/api_repeat_stability/mapping_270.csv,aa590087724b82746786f230bc9ed628962117a59bc8c99b496ab168aa3a4db8,59374,anonymous_repository_build,Added or regenerated by the anonymous repository builder.
GENERATED_OR_ALLOWLISTED_PROJECT_ARTIFACT,,experiments/api_repeat_stability/provider_retry_deviations.json,291316820585a60722eba610dcaf1f47c90af0d5bf67b8b6ee933b1caf3bf625,984,anonymous_repository_build,Added or regenerated by the anonymous repository builder.
GENERATED_OR_ALLOWLISTED_PROJECT_ARTIFACT,,experiments/api_repeat_stability/qa_report.json,b1ef5b2b7a95024ff9ce755789147e8731768f897ea519fa360372b7074a3d01,4062,anonymous_repository_build,Added or regenerated by the anonymous repository builder.
GENERATED_OR_ALLOWLISTED_PROJECT_ARTIFACT,,experiments/api_repeat_stability/README.md,41a738c788c4d22eb2d3a4cec32103ab378d8eb2408d124f77c4e1ee40d6e84b,1843,anonymous_repository_build,Added or regenerated by the anonymous repository builder.
GENERATED_OR_ALLOWLISTED_PROJECT_ARTIFACT,,experiments/api_repeat_stability/repeat_call_status_2430.csv,cfd2db5024c657ccce8124a4573636e03407b9d721930a737227d598e8c16503,759940,anonymous_repository_build,Added or regenerated by the anonymous repository builder.
GENERATED_OR_ALLOWLISTED_PROJECT_ARTIFACT,,experiments/api_repeat_stability/repeat_panel_dimension_summary.csv,08c6fa6e128be232874356a12b907b7638616ca31a098766d5876531c73ea9bb,9172,anonymous_repository_build,Added or regenerated by the anonymous repository builder.
GENERATED_OR_ALLOWLISTED_PROJECT_ARTIFACT,,experiments/api_repeat_stability/repeat_panel_pairwise_metrics.csv,87b905ff4678eab46c3f8d82ed792e05004d07de9c2cf795909fbf22511d9edc,8897,anonymous_repository_build,Added or regenerated by the anonymous repository builder.
GENERATED_OR_ALLOWLISTED_PROJECT_ARTIFACT,,experiments/api_repeat_stability/repeat_panel_scores_by_stimulus_replicate.csv,6a2e4e6f4d561ea66392eef6eb0172478c4cb255ced19ab47bf8a0a0772dbe3e,159981,anonymous_repository_build,Added or regenerated by the anonymous repository builder.
GENERATED_OR_ALLOWLISTED_PROJECT_ARTIFACT,,experiments/api_repeat_stability/repeat_provider_completion.csv,97217a67bd7b38ba700fa8d14a117e800513f1952ff4b464e910d35d0633aaee,1574,anonymous_repository_build,Added or regenerated by the anonymous repository builder.
GENERATED_OR_ALLOWLISTED_PROJECT_ARTIFACT,,experiments/api_repeat_stability/repeat_provider_dimension_summary.csv,fdf81122b144a8890c2cce955a83ee7a658e8f73b25caa178bbeb1beedd9ccc1,20534,anonymous_repository_build,Added or regenerated by the anonymous repository builder.
GENERATED_OR_ALLOWLISTED_PROJECT_ARTIFACT,,experiments/api_repeat_stability/repeat_provider_pairwise_metrics.csv,e2d352a2c1fda34beb134e11a499f86f226ce260b6b8cccb33db4f00c0a6a430,23227,anonymous_repository_build,Added or regenerated by the anonymous repository builder.
GENERATED_OR_ALLOWLISTED_PROJECT_ARTIFACT,,experiments/api_repeat_stability/repeat_sample_90.csv,77414cf7173872df2c6d38d4f4d38ca55fe068d2bae761ab92b39cd6e9960683,70360,anonymous_repository_build,Added or regenerated by the anonymous repository builder.
GENERATED_OR_ALLOWLISTED_PROJECT_ARTIFACT,,experiments/api_repeat_stability/repeat_sample_90.json,221f640b9d3b4a0471df9917877adccc4e9cb3d5618bd94824242a9dc5ef27d4,28225,anonymous_repository_build,Added or regenerated by the anonymous repository builder.
GENERATED_OR_ALLOWLISTED_PROJECT_ARTIFACT,,experiments/api_repeat_stability/repeat_stability_analysis_manifest.json,fb80c343870b13452fb5e5b73edd3abe97b9c5aef159e269715d9f896cff1f31,7011,anonymous_repository_build,Added or regenerated by the anonymous repository builder.
GENERATED_OR_ALLOWLISTED_PROJECT_ARTIFACT,,experiments/api_repeat_stability/repeat_stability_analysis_results.json,911f4814a2757d2bd76a75d7a45a235c4d8beefdf19d212ff014616e91410e82,117962,anonymous_repository_build,Added or regenerated by the anonymous repository builder.
GENERATED_OR_ALLOWLISTED_PROJECT_ARTIFACT,,experiments/api_repeat_stability/REPEAT_STABILITY_REPORT.md,864636a5f020a14738964f9ebac137f1ac6c8d7b75591224312be07c3bf0dc43,2231,anonymous_repository_build,Added or regenerated by the anonymous repository builder.
GENERATED_OR_ALLOWLISTED_PROJECT_ARTIFACT,,experiments/api_repeat_stability/repeat_variance_decomposition.csv,9596ed2f42e3d9fbeebefd652f18945bc73bf913b0720e69d4c5190f59dcd52e,3799,anonymous_repository_build,Added or regenerated by the anonymous repository builder.
GENERATED_OR_ALLOWLISTED_PROJECT_ARTIFACT,,experiments/api_repeat_stability/runner_inputs_270.csv,ad5ae4c40ad9eabe3924df9e3d89f64d12035c84b7d2eff13f84a08b7aea5fc9,98979,anonymous_repository_build,Added or regenerated by the anonymous repository builder.
GENERATED_OR_ALLOWLISTED_PROJECT_ARTIFACT,,experiments/api_repeat_stability/runner_manifest.json,01e62ea67fda6f5bbe5692ab28e0497a4809f21e8b0e5382effb28e2159b2b29,1581,anonymous_repository_build,Added or regenerated by the anonymous repository builder.
GENERATED_OR_ALLOWLISTED_PROJECT_ARTIFACT,,experiments/api_repeat_stability/runs/anthropic/api_judge_scores_long.csv,cbc471ad7d4f8649c4f9545edbf5538a2dbb79e1566f01c7e2dbd962b5b99314,42925,anonymous_repository_build,Added or regenerated by the anonymous repository builder.
GENERATED_OR_ALLOWLISTED_PROJECT_ARTIFACT,,experiments/api_repeat_stability/runs/anthropic/run_manifest.json,ed60f662a1633df67820f4392850a142ba7bee20dcdcd581730856bf570db36f,1369,anonymous_repository_build,Added or regenerated by the anonymous repository builder.
GENERATED_OR_ALLOWLISTED_PROJECT_ARTIFACT,,experiments/api_repeat_stability/runs/deepseek/api_judge_scores_long.csv,8df5f8e957c1789445c8c919aa339651b4d0b67be2ffceb689ac38c54a4bf098,51295,anonymous_repository_build,Added or regenerated by the anonymous repository builder.
GENERATED_OR_ALLOWLISTED_PROJECT_ARTIFACT,,experiments/api_repeat_stability/runs/deepseek/run_manifest.json,6d5a5e980ed0eb5f3f59c0b57c7519cc21f57789035c367af48bcc48ecfe349e,1365,anonymous_repository_build,Added or regenerated by the anonymous repository builder.
GENERATED_OR_ALLOWLISTED_PROJECT_ARTIFACT,,experiments/api_repeat_stability/runs/doubao/api_judge_scores_long.csv,f446b1d2d9bac5a39d773cc399a24d914e99cb0f008a10af1ba8ee1a5e203c27,50755,anonymous_repository_build,Added or regenerated by the anonymous repository builder.
GENERATED_OR_ALLOWLISTED_PROJECT_ARTIFACT,,experiments/api_repeat_stability/runs/doubao/run_manifest.json,8fa2bfca148d81ac65c6ccd854335adc7782793facf67ad1994ffcb46553d568,1381,anonymous_repository_build,Added or regenerated by the anonymous repository builder.
GENERATED_OR_ALLOWLISTED_PROJECT_ARTIFACT,,experiments/api_repeat_stability/runs/gemini/api_judge_scores_long.csv,bbd9d37f87f6fa7078a03300f2268d590f4bc125dab23e06c7bdadae202c7a68,47945,anonymous_repository_build,Added or regenerated by the anonymous repository builder.
GENERATED_OR_ALLOWLISTED_PROJECT_ARTIFACT,,experiments/api_repeat_stability/runs/gemini/run_manifest.json,c93a5ea5d06c9f776685896559cb0157ffca7902931a5749af373d946395b46a,1364,anonymous_repository_build,Added or regenerated by the anonymous repository builder.
GENERATED_OR_ALLOWLISTED_PROJECT_ARTIFACT,,experiments/api_repeat_stability/runs/glm/api_judge_scores_long.csv,3167d2322ba997096fb628d32fc80f11ddf0e28a910f7ea9e5fdadce7bf1094c,27664,anonymous_repository_build,Added or regenerated by the anonymous repository builder.
GENERATED_OR_ALLOWLISTED_PROJECT_ARTIFACT,,experiments/api_repeat_stability/runs/glm/run_manifest.json,d27862b46d6b59bb99c176bb9c1d13df617f930e88878857c7b06599782523f4,1333,anonymous_repository_build,Added or regenerated by the anonymous repository builder.
GENERATED_OR_ALLOWLISTED_PROJECT_ARTIFACT,,experiments/api_repeat_stability/runs/kimi/api_judge_scores_long.csv,54784d7e7ba3e1c2efc514c64dab65f4e6348084900906f78b0b8d6b60ce14d8,41575,anonymous_repository_build,Added or regenerated by the anonymous repository builder.
GENERATED_OR_ALLOWLISTED_PROJECT_ARTIFACT,,experiments/api_repeat_stability/runs/kimi/run_manifest.json,3d6692dc20d83f2e5fe20de8892ef8e59b9db4c30c12c7db011194b05aa4e951,1396,anonymous_repository_build,Added or regenerated by the anonymous repository builder.
GENERATED_OR_ALLOWLISTED_PROJECT_ARTIFACT,,experiments/api_repeat_stability/runs/mimo/api_judge_scores_long.csv,8098f3a7324c3b43b358ee9830d031168b4a84c102b985b2647b25b2735482dc,35905,anonymous_repository_build,Added or regenerated by the anonymous repository builder.
GENERATED_OR_ALLOWLISTED_PROJECT_ARTIFACT,,experiments/api_repeat_stability/runs/mimo/run_manifest.json,af4cbace517f6ca4951383c1bda0305528b6755801fbc0234ff5e9776000f4e7,1352,anonymous_repository_build,Added or regenerated by the anonymous repository builder.
GENERATED_OR_ALLOWLISTED_PROJECT_ARTIFACT,,experiments/api_repeat_stability/runs/openai/api_judge_scores_long.csv,f4b2d37155c263d51255654b7f52c82c70615bee200cc3d60e1e11c275b9c196,34209,anonymous_repository_build,Added or regenerated by the anonymous repository builder.
GENERATED_OR_ALLOWLISTED_PROJECT_ARTIFACT,,experiments/api_repeat_stability/runs/openai/run_manifest.json,ad6039f45195bf9691e0f54bbb26ae14d82cc60bd8cc63061c6a57cfb6a3dcd7,1342,anonymous_repository_build,Added or regenerated by the anonymous repository builder.
GENERATED_OR_ALLOWLISTED_PROJECT_ARTIFACT,,experiments/api_repeat_stability/runs/qwen/api_judge_scores_long.csv,e39b2a432889e091ae6b33693c7a5f76e72afecd45db72fe228729d1b38f6e46,35635,anonymous_repository_build,Added or regenerated by the anonymous repository builder.
GENERATED_OR_ALLOWLISTED_PROJECT_ARTIFACT,,experiments/api_repeat_stability/runs/qwen/run_manifest.json,dd5d848a52ac3dde15c57494ddb381c515ce8b1f212fc57db25a3f68da862ded,1353,anonymous_repository_build,Added or regenerated by the anonymous repository builder.
GENERATED_OR_ALLOWLISTED_PROJECT_ARTIFACT,,experiments/api_repeat_stability/sampling_manifest.json,1e6a7b4ca9162a78331ebf71070880313e811dc231beb9df4d1497931f8b02cd,2927,anonymous_repository_build,Added or regenerated by the anonymous repository builder.
GENERATED_OR_ALLOWLISTED_PROJECT_ARTIFACT,,experiments/api_repeat_stability/STATISTICAL_ANALYSIS_PLAN.md,40e59b912aa6f4e34963a426e5d08e343804adcba3b402433418d3eb99a42ca8,3367,anonymous_repository_build,Added or regenerated by the anonymous repository builder.
GENERATED,,manifests/privacy_audit.json,5e3b6bd88fefcfb0577e4dd668b3f005b861f80504fafa39d69551328aab916c,5455,generated,
GENERATED,,manifests/privacy_audit.md,63ad5aa76d16e7ef3554b53d625b71b56c32309bf868c3590a846417a70745b4,992,generated,
workspace/数据与问卷源文件/AI测试数据全集/20_主数据与支持/diagnostics/controlled_ab_pairs_for_llm_judge.json,2d6119c4a34843f957c653fb5eae71a327ece89d9dbdf07b0235d33111df0ba0,materials/controlled_ab_pairs_full.json,0a680625eea996764e4a60cc27ecd2fc18430448579a18be92f4c222b61c2dac,5980,source_derived_controlled_stimuli_and_expected_directions; no_participant_data; anonymous_build_normalization_or_regeneration; anonymous_build_normalization_or_regeneration,Release bytes intentionally differ from the recorded upstream source hash. Release bytes intentionally differ from the recorded upstream source hash.
paper/analysis/difference_survey_codebook.json,3f0a36c7b6b3ec7e96ac7fde2feffcc332325d949422c9f20d8eed00dbf67dc5,materials/difference_survey_answer_key.json,0fa109ce74643e33a7bee7ad2eb0743300a3b323cf99d15e3c9cb7f6484eb9ed,1373,source_derived_instrument_codebook; no_participant_data; anonymous_build_normalization_or_regeneration; anonymous_build_normalization_or_regeneration,Release bytes intentionally differ from the recorded upstream source hash. Release bytes intentionally differ from the recorded upstream source hash.
workspace/数据与问卷源文件/Credamo_差异对比.doc,6b4e51f4903c200fefd5330e867e143b26eb03e091d8556b89d0c7319cf4deae,materials/difference_survey_instrument.txt,bc326e77c957a5588580d6def04f207a41991c8901a00cf352bfe222edc61fd9,14428,visible_text_extracted_from_word_mhtml_instrument; no_response_data; anonymous_build_normalization_or_regeneration; anonymous_build_normalization_or_regeneration,Release bytes intentionally differ from the recorded upstream source hash. Release bytes intentionally differ from the recorded upstream source hash.
workspace/数据与问卷源文件/AI测试数据全集/40_GitHub发布修订/main_study_data/generated_items_810.csv,75c32947f916973ab9c2b03e496df77411b41699c1a01adbe4a42771f64024be,materials/generated_items_810.csv,e850c3e14cbb61edc05ae3bd2dc549d3ec7670db4ef1d9058c6bf5684e5431ce,707847,source_derived_stimulus_archive; normalized_content_only_not_http_payload; anonymous_build_normalization_or_regeneration; anonymous_build_normalization_or_regeneration,Release bytes intentionally differ from the recorded upstream source hash. Release bytes intentionally differ from the recorded upstream source hash.
paper/analysis/questionnaire_item_dictionary.csv,bda532df8343af54346f8c2cf1cfcceac34f561af911a59cef3d4f99a39c81ea,materials/human_review_questionnaire_items.csv,5d30cde345abd86a42e5f53d3f78102676c2961eb755b075ebea615ef805fd47,80118,source_derived_instrument_item_dictionary; no_participant_data; anonymous_build_normalization_or_regeneration; anonymous_build_normalization_or_regeneration,Release bytes intentionally differ from the recorded upstream source hash. Release bytes intentionally differ from the recorded upstream source hash.
workspace/数据与问卷源文件/Credamo_科学概念准确性评估——大气科学.doc,38a7401630b73dcde8ae3f6ad38c7a5f7628c8493fc9cd34af4992dfeba497d0,materials/human_review_wave1_atmospheric_science_instrument.txt,97d986fef15da72dc74099d34930b97976130476e9fb75dc431a0198255380af,17067,visible_text_extracted_from_word_mhtml_instrument; no_response_data; anonymous_build_normalization_or_regeneration; anonymous_build_normalization_or_regeneration,Release bytes intentionally differ from the recorded upstream source hash. Release bytes intentionally differ from the recorded upstream source hash.
workspace/数据与问卷源文件/Credamo_科学概念准确性评估——生物.doc,13ba844cbdaeafe713000638443e765d9217596d27c9b4432484216d03b85daa,materials/human_review_wave1_biology_instrument.txt,c821abf276e3bb4b14c826dc3ff6391c82fa456b791cd0f4406211848f19baaf,16960,visible_text_extracted_from_word_mhtml_instrument; no_response_data; anonymous_build_normalization_or_regeneration; anonymous_build_normalization_or_regeneration,Release bytes intentionally differ from the recorded upstream source hash. Release bytes intentionally differ from the recorded upstream source hash.
workspace/数据与问卷源文件/Credamo_科学概念准确性评估——化学.doc,5b3cc327b7f209d8091363e60575b958eb53fad508db70d062aa45f6804f44de,materials/human_review_wave1_chemistry_instrument.txt,907cae2a332e232565729d73dedecd57f6efb8e00f567085fae5c04a823056e5,16301,visible_text_extracted_from_word_mhtml_instrument; no_response_data; anonymous_build_normalization_or_regeneration; anonymous_build_normalization_or_regeneration,Release bytes intentionally differ from the recorded upstream source hash. Release bytes intentionally differ from the recorded upstream source hash.
workspace/数据与问卷源文件/Credamo_科学概念准确性评估——地理.doc,7d402850292680dd10ea72e5bd5dd0a7d647f107821c5083155587ef3e1e61c5,materials/human_review_wave1_geography_instrument.txt,e42c29397d40ed88ea867f61fdb909b2a123f30dd9120dc08fb0ed7b912f66b0,16402,visible_text_extracted_from_word_mhtml_instrument; no_response_data; anonymous_build_normalization_or_regeneration; anonymous_build_normalization_or_regeneration,Release bytes intentionally differ from the recorded upstream source hash. Release bytes intentionally differ from the recorded upstream source hash.
workspace/数据与问卷源文件/Credamo_科学概念准确性评估——物理.doc,983533b3a4080b97ecfe9b1e786df16e7532bd4f8260bfa9fdae3e13b3e426fd,materials/human_review_wave1_physics_instrument.txt,9f804f8fbe9ff28f4a4c3f3a03c81f44042fe1cb60272fcb09d23234e15cef8e,15909,visible_text_extracted_from_word_mhtml_instrument; no_response_data; anonymous_build_normalization_or_regeneration; anonymous_build_normalization_or_regeneration,Release bytes intentionally differ from the recorded upstream source hash. Release bytes intentionally differ from the recorded upstream source hash.
paper/analysis/public_abc_codebook.json,46c02a0b68fc51ba6cc9ae1389d527be2128f010c3f47200f13f9b10b4c1e2d2,materials/public_abc_answer_key.json,90e286d7f62535dbafba8fa1cef03a27a4fdff3572cd6fd7193e621cd9935b65,2195,source_derived_instrument_codebook; no_participant_data; anonymous_build_normalization_or_regeneration; anonymous_build_normalization_or_regeneration,Release bytes intentionally differ from the recorded upstream source hash. Release bytes intentionally differ from the recorded upstream source hash.
workspace/数据与问卷源文件/Credamo_公众测试——A.doc,a896a0b68f198ed9fac3bd93589201d225e6346698f203c280789cdc878e4084,materials/public_form_A_instrument.txt,7fa06d7710adda9ded2d616b0df789f81718b2f82e9b6d0c82d1266b54a34588,7565,visible_text_extracted_from_word_mhtml_instrument; no_response_data; anonymous_build_normalization_or_regeneration; anonymous_build_normalization_or_regeneration,Release bytes intentionally differ from the recorded upstream source hash. Release bytes intentionally differ from the recorded upstream source hash.
workspace/数据与问卷源文件/Credamo_公众测试——B.doc,2c6247ffbbe260e1015fca293e12d41d9fbe3c34b65402f6d27d84ba1a5793e7,materials/public_form_B_instrument.txt,cfc507f351f651223b7810f0da553ac388672f419ac4ebafeb7198636cd73e28,8424,visible_text_extracted_from_word_mhtml_instrument; no_response_data; anonymous_build_normalization_or_regeneration; anonymous_build_normalization_or_regeneration,Release bytes intentionally differ from the recorded upstream source hash. Release bytes intentionally differ from the recorded upstream source hash.
workspace/数据与问卷源文件/Credamo_公众测试——C.doc,6e47579f8d33664408e75b932511fe366cd259570c4e4a0896f27829112188dc,materials/public_form_C_instrument.txt,cf175ec0b7806356fb7014d0c422e1764c950622f9968aadc3a5de2acbc232f3,9021,visible_text_extracted_from_word_mhtml_instrument; no_response_data; anonymous_build_normalization_or_regeneration; anonymous_build_normalization_or_regeneration,Release bytes intentionally differ from the recorded upstream source hash. Release bytes intentionally differ from the recorded upstream source hash.
paper/analysis/public_semantic_crosswalk.csv,868b0c627b1cb65a1779ca6a6d24863c945cf8cc33ef1f6024dac50c14f9e940,materials/public_semantic_crosswalk_full.csv,3435888ce38e1d8358dbb16b7ee417d02b15883e7c10bd25c040ddb4b50be6ba,42272,source_derived_scientific_crosswalk_with_instrument_text; no_participant_data; anonymous_build_normalization_or_regeneration; anonymous_build_normalization_or_regeneration,Release bytes intentionally differ from the recorded upstream source hash. Release bytes intentionally differ from the recorded upstream source hash.
GENERATED,,materials/README.md,4016e79450588959e616e91fbd0a197e0b5446fd5ff4f15243aff69ced5b90c9,2121,generated,
GENERATED,,MISSING.csv,b1e27dbe4c0b025d539829511351eaeaa4fbe5155ee79ff097450c88646eaa42,3281,generated,
GENERATED,,MISSING.md,156d1354f43cc76820f26b7d81828fd674d1dff9f141bd428b06f09312726b3a,3651,generated,
workspace/数据与问卷源文件/AI测试数据全集/40_GitHub发布修订/rebuttal_update_20260714/protocols/judge_configuration_public.json,91577c856149b2fcf63c5fb523953f2fc0e57a40f7723b04902296155897ad8c,models_and_prompts/judge_configuration_public.json,91577c856149b2fcf63c5fb523953f2fc0e57a40f7723b04902296155897ad8c,1682,credential_free_protocol_copy,
workspace/数据与问卷源文件/AI测试数据全集/40_GitHub发布修订/rebuttal_update_20260714/protocols/judge_output_schema.json,dff12112d6dbb2014f92a73eef846f6e1b635d1307d3c5e31257689e1b9eceaa,models_and_prompts/judge_output_schema.json,dff12112d6dbb2014f92a73eef846f6e1b635d1307d3c5e31257689e1b9eceaa,700,credential_free_protocol_copy,
workspace/数据与问卷源文件/AI测试数据全集/40_GitHub发布修订/rebuttal_update_20260714/protocols/judge_system_prompt.txt,396c9b4dd80dd0bbabfaa010bb0f06ab300c80f6417e47768455073a5624224f,models_and_prompts/judge_system_prompt.txt,396c9b4dd80dd0bbabfaa010bb0f06ab300c80f6417e47768455073a5624224f,251,credential_free_protocol_copy,
workspace/数据与问卷源文件/AI测试数据全集/40_GitHub发布修订/rebuttal_update_20260714/protocols/judge_user_prompt_template.txt,e943f11cc5ba0fcb5067600964ec17c1894faaf271e114a405c3e3c63d0a237f,models_and_prompts/judge_user_prompt_template.txt,e943f11cc5ba0fcb5067600964ec17c1894faaf271e114a405c3e3c63d0a237f,2544,credential_free_protocol_copy,
workspace/数据与问卷源文件/AI测试数据全集/40_GitHub发布修订/rebuttal_update_20260714/data/api_test_scores_7290.csv,4bb91453c6ccfc22e0c24f99c487543686455b7875148f85e759113181a70da4,models_and_prompts/model_run_inventory.csv,c0172a8423be42ec7ca0b912af072a969fc49c6eb3fef6ab5150864ffe1afb10,14399,inventory_derived_from_score_matrices_and_aggregated_restricted_timestamps; anonymous_build_normalization_or_regeneration; anonymous_build_normalization_or_regeneration,Release bytes intentionally differ from the recorded upstream source hash. Release bytes intentionally differ from the recorded upstream source hash.
workspace/数据与问卷源文件/AI测试数据全集/40_GitHub发布修订/rebuttal_update_20260714/protocols/prompt_and_schema_hashes.json,1bcefd41359b1bd735de7be11b3ffdb6f2d909c00e53578fc085bf4e86bda3fd,models_and_prompts/prompt_and_schema_hashes.json,1bcefd41359b1bd735de7be11b3ffdb6f2d909c00e53578fc085bf4e86bda3fd,707,credential_free_protocol_copy,
GENERATED,,models_and_prompts/PROVIDER_CONFIGURATION_BOUNDARY.md,2fb4832620699e8a1d3c4ab80f4b6f76b7065c4e443fd934dca938157b7f8344,922,credential_free_summary_of_authoritative_private_config,
GENERATED,,models_and_prompts/provider_configuration_deviations.csv,7548185d1efbe77e0aac6ffbe89f2e9371e819680154d1ea252237775ca05200,1709,credential_free_field_subset; endpoints_env_names_absolute_paths_and_credentials_omitted,
workspace/数据与问卷源文件/AI测试数据全集/40_GitHub发布修订/rebuttal_update_20260714/protocols/TASKC_INPUT_INTEGRITY_PROTOCOL.md,10697bfea1afe9746fdafe270cec2249b5bfba20aa258a6c921566734ecaa0c7,models_and_prompts/TASKC_INPUT_INTEGRITY_PROTOCOL.md,10697bfea1afe9746fdafe270cec2249b5bfba20aa258a6c921566734ecaa0c7,1330,credential_free_protocol_copy,
workspace/数据与问卷源文件/AI测试数据全集/50_派生分析/数据重建/02_清洗数据/agent_canonical_api_source_manifest.csv,dc3b36391766fac81c3b445e2999bebaf0056685a782ca71101d4f5004514863,models_and_prompts/taskc_run_inventory.csv,4aa101f3a60b5ecc499f2e60541d8116ed4433300aafaf0c889306ed3d5a3136,3166,release_safe_metadata_extracted_from_nine_sha_locked_run_manifests; raw_attempt_logs_excluded; anonymous_build_normalization_or_regeneration; anonymous_build_normalization_or_regeneration,Release bytes intentionally differ from the recorded upstream source hash. Release bytes intentionally differ from the recorded upstream source hash.
GENERATED_OR_ALLOWLISTED_PROJECT_ARTIFACT,,output/figures/fig1_evidence_manifest.json,ffa95da4b4798f9e36a04354f3ecce98ddbe64efdb40e62b5dcaebba7c1d3ff9,662,anonymous_repository_build,Added or regenerated by the anonymous repository builder.
GENERATED_OR_ALLOWLISTED_PROJECT_ARTIFACT,,output/figures/fig1_five_layer_evidence.pdf,45055c15910e1e318e1371e2558dcd3bb884b8e8e8b61469bccbce43359d2e91,56241,anonymous_repository_build,Added or regenerated by the anonymous repository builder.
GENERATED_OR_ALLOWLISTED_PROJECT_ARTIFACT,,output/figures/fig1_five_layer_evidence.png,71caee79aeccb3cae52f16516766cf370f53ae9f23e6fe21074ef9cc4cfe3810,473202,anonymous_repository_build,Added or regenerated by the anonymous repository builder.
GENERATED_OR_ALLOWLISTED_PROJECT_ARTIFACT,,output/figures/fig1_five_layer_evidence.svg,882a19f97dffb08b4967e3bc7a5f511b1d8eb696de1c2b2da4e030f25e85ac22,20498,anonymous_repository_build,Added or regenerated by the anonymous repository builder.
GENERATED_OR_ALLOWLISTED_PROJECT_ARTIFACT,,output/figures/fig2_reliability.pdf,fa7f081df46e5316f0d9c4740605e3b9a2af6e848a5e63109fe7e6953872eaae,74397,anonymous_repository_build,Added or regenerated by the anonymous repository builder.
GENERATED_OR_ALLOWLISTED_PROJECT_ARTIFACT,,output/figures/fig2_reliability.png,d65535883783bfcf30b268e46d18e499aa34eff85bc9db39b5dc4978d10171eb,552608,anonymous_repository_build,Added or regenerated by the anonymous repository builder.
GENERATED_OR_ALLOWLISTED_PROJECT_ARTIFACT,,output/figures/fig2_reliability_manifest.json,ec557935a3ee9278f4ff9f825ba6dc2308d3bc33bdccaa315dcc4310538848c1,1203,anonymous_repository_build,Added or regenerated by the anonymous repository builder.
GENERATED_OR_ALLOWLISTED_PROJECT_ARTIFACT,,output/figures/fig3_alignment.pdf,901b15d5b1a7649ebd7783d37cedf9f7da1d9bae05e6656587cb4531631394d9,78819,anonymous_repository_build,Added or regenerated by the anonymous repository builder.
GENERATED_OR_ALLOWLISTED_PROJECT_ARTIFACT,,output/figures/fig3_alignment.png,28f4edc665b5bf0257980a8dc99eca9d2560eaedff6abd46d3334f678f2661a0,282636,anonymous_repository_build,Added or regenerated by the anonymous repository builder.
GENERATED_OR_ALLOWLISTED_PROJECT_ARTIFACT,,output/figures/fig3_alignment_manifest.json,f2e72e5d4a8b9b561e98ba890bff12ee889fc84cd27580aabc5a01d814aa32f4,2148,anonymous_repository_build,Added or regenerated by the anonymous repository builder.
GENERATED_OR_ALLOWLISTED_PROJECT_ARTIFACT,,output/figures/fig4_public_validation.pdf,aef1ee23406d2a8c007f6d9b355db69b7c5be9a94b65a9773ef6f0a90aad4183,71189,anonymous_repository_build,Added or regenerated by the anonymous repository builder.
GENERATED_OR_ALLOWLISTED_PROJECT_ARTIFACT,,output/figures/fig4_public_validation.png,a9dc59a8dcdd2d7cfd7ca36f0772c4763d1256752710fceca0fef22f3cb9e9c5,453950,anonymous_repository_build,Added or regenerated by the anonymous repository builder.
GENERATED_OR_ALLOWLISTED_PROJECT_ARTIFACT,,output/figures/fig4_public_validation_manifest.json,96ffdc4ef2909f42ba2f02c0b7349762f93df1b6b451fe6484e27abfb2e97804,821,anonymous_repository_build,Added or regenerated by the anonymous repository builder.
GENERATED_OR_ALLOWLISTED_PROJECT_ARTIFACT,,output/figures/source_data/fig1_five_layer_evidence_source.csv,e85732a6ec12d0bc2dd36a2fc3d8ac65998f7582142c4c6486d911097b9b3375,801,anonymous_repository_build,Added or regenerated by the anonymous repository builder.
GENERATED_OR_ALLOWLISTED_PROJECT_ARTIFACT,,output/figures/source_data/fig2_fresh_call_panel_source.csv,47c8f5ff9b46b7eaa4ed92df2d36a476fefc0cc9c6081edf7dcf47d7026bc385,9028,anonymous_repository_build,Added or regenerated by the anonymous repository builder.
GENERATED_OR_ALLOWLISTED_PROJECT_ARTIFACT,,output/figures/source_data/fig2_fresh_call_provider_source.csv,8882644739cb7694d89668a5840b5a984a44c58f9eb69271f60cd652152b82c9,20366,anonymous_repository_build,Added or regenerated by the anonymous repository builder.
GENERATED_OR_ALLOWLISTED_PROJECT_ARTIFACT,,output/figures/source_data/fig2_human_baselines_source.csv,573b5c50d1bee9721aebe5c7445ebe2c22051747c2bace8215eaccc63c5c8839,7983,anonymous_repository_build,Added or regenerated by the anonymous repository builder.
GENERATED_OR_ALLOWLISTED_PROJECT_ARTIFACT,,output/figures/source_data/fig3_alignment_source.csv,93d4b32ec6f394524cdce83e0e991d53ce4915b51d74bd2eea625cbf09f37e8d,57417,anonymous_repository_build,Added or regenerated by the anonymous repository builder.
GENERATED_OR_ALLOWLISTED_PROJECT_ARTIFACT,,output/figures/source_data/fig4_probe_source.csv,385178d421146db2b522d18bca6fafca090a573f7a28b8f1cf79f67a59e97e90,419,anonymous_repository_build,Added or regenerated by the anonymous repository builder.
GENERATED_OR_ALLOWLISTED_PROJECT_ARTIFACT,,output/figures/source_data/fig4_reader_bridge_cells_source.csv,4bd07a288b8b6361caf7c6bdc6a916328e194215529fa13925f5c07fe3417965,12909,anonymous_repository_build,Added or regenerated by the anonymous repository builder.
GENERATED_OR_ALLOWLISTED_PROJECT_ARTIFACT,,output/figures/source_data/fig4_reader_change_source.csv,164a558cc54501216a206a0a6c9afcb5aa5745ab166f73f5a9a83e89ba1005cd,486,anonymous_repository_build,Added or regenerated by the anonymous repository builder.
GENERATED,,README.md,0b78cdf38524d400640386cdaecdcc25ab5e457ec661b59d7435f09f1b77a40d,4411,generated,
paper/scripts/alignment_analysis.py,b7c6199d3a194b3c3690fd03e9fe70f79d0869413756ffc672feba110d2c9d57,scripts/alignment_analysis.py,b7c6199d3a194b3c3690fd03e9fe70f79d0869413756ffc672feba110d2c9d57,128037,byte_exact_formal_script,
GENERATED_OR_ALLOWLISTED_PROJECT_ARTIFACT,,scripts/audit_anonymity.py,59727300d5d8cb8460a33bc6aa63309782fd1e236e2c12a4fa91f3191da868ab,2401,anonymous_repository_build,Added or regenerated by the anonymous repository builder.
paper/scripts/build_human_api_crosswalk.py,b685877712d04eb1366900680cbfa7e00926d60fb63092326d7f92b16b156c54,scripts/build_human_api_crosswalk.py,b685877712d04eb1366900680cbfa7e00926d60fb63092326d7f92b16b156c54,21467,byte_exact_formal_script,
paper/scripts/clean_surveys.py,f5f1861d97765b9c27f8d5e7fd777ddc78ac353cd9965f39e26907e11267f42e,scripts/clean_surveys.py,f5f1861d97765b9c27f8d5e7fd777ddc78ac353cd9965f39e26907e11267f42e,33582,byte_exact_formal_script,
paper/scripts/final_time_cleaning.py,3d5a496218ae7f91fbd9161e99f1cd106dd6369abe8b7c037984536dc8f264de,scripts/final_time_cleaning.py,3d5a496218ae7f91fbd9161e99f1cd106dd6369abe8b7c037984536dc8f264de,15356,byte_exact_formal_script,
paper/scripts/generate_sensitivity_panels.py,fc7667abd4de1bbde0913773d8e592c9dfa06e4577b12e25a93e9be32579e92c,scripts/generate_sensitivity_panels.py,fc7667abd4de1bbde0913773d8e592c9dfa06e4577b12e25a93e9be32579e92c,11765,byte_exact_formal_script,
paper/scripts/make_alignment_figure.py,2e18e00d2c9fdd34d156213ff0b6404aef80624f8923895e86023de83ab001db,scripts/make_alignment_figure.py,705ba7f774bb294e8c5ef1a600bbf923896f74768b54175696a701f833d2738a,30093,source_derived_formal_script; anonymous_build_normalization_or_regeneration; anonymous_build_normalization_or_regeneration,Release bytes intentionally differ from the recorded upstream source hash. Release bytes intentionally differ from the recorded upstream source hash.
GENERATED_OR_ALLOWLISTED_PROJECT_ARTIFACT,,scripts/make_five_layer_evidence_figure.py,2348433256850608d53e3b0481452b253cef7ac57ca355c0891d8979773eb201,10614,anonymous_repository_build,Added or regenerated by the anonymous repository builder.
GENERATED_OR_ALLOWLISTED_PROJECT_ARTIFACT,,scripts/make_reader_bridge_figure_v2.py,24b4ca2c3a5999a75985c48939156d6983a4f2c510fd2e8e83997e882d56c812,11912,anonymous_repository_build,Added or regenerated by the anonymous repository builder.
GENERATED_OR_ALLOWLISTED_PROJECT_ARTIFACT,,scripts/make_reliability_figure_v3.py,5562ff052a170a9f635ca9af185434cf95ec1ca8b43488e9ec68719f98c953b0,15675,anonymous_repository_build,Added or regenerated by the anonymous repository builder.
paper/scripts/public_questionnaire_analyses.py,38830e2ac56e86cbbf1818cf3734c92cf680a6e8bb089a92d73876353b2772ba,scripts/public_questionnaire_analyses.py,38830e2ac56e86cbbf1818cf3734c92cf680a6e8bb089a92d73876353b2772ba,94693,byte_exact_formal_script,
paper/scripts/public_semantic_crosswalk.py,0958db04b871a6b2dc0917071245223329dd26da971f72cf8af2484f74476817,scripts/public_semantic_crosswalk.py,0958db04b871a6b2dc0917071245223329dd26da971f72cf8af2484f74476817,35440,byte_exact_formal_script,
GENERATED_OR_ALLOWLISTED_PROJECT_ARTIFACT,,scripts/recompute_public_from_release.py,c631d014c7316f62506bcfaa61b99406467ddfb2bba801c6f310b33c1eefc1e4,13602,anonymous_repository_build,Added or regenerated by the anonymous repository builder.
paper/scripts/reliability_analysis.py,56d4d8e78db8c56e34eaa5b82ed80bcadba39e3442034d2cd11c5fb3a8673f61,scripts/reliability_analysis.py,56d4d8e78db8c56e34eaa5b82ed80bcadba39e3442034d2cd11c5fb3a8673f61,48780,byte_exact_formal_script,
paper/scripts/stats_sandbox_method_checks.py,6e2657c1a248225e619b923a9e9e6ec24b2cb7b45735e944b04769efcb9ff5bf,scripts/stats_sandbox_method_checks.py,6e2657c1a248225e619b923a9e9e6ec24b2cb7b45735e944b04769efcb9ff5bf,12379,byte_exact_formal_script,
GENERATED_OR_ALLOWLISTED_PROJECT_ARTIFACT,,scripts/verify_nested_manifests.py,cd90aeb3a1c54d303efad96ad43811df6a1c09bd737ff668ec1e4eb7924e4163,9686,anonymous_repository_build,Added or regenerated by the anonymous repository builder.
GENERATED,,scripts/verify_release.py,e426917d26587c46506d64690f1156c0d6c4560627d6b961e739a699cf4449ed,6658,generated,
GENERATED_OR_ALLOWLISTED_PROJECT_ARTIFACT,,SUPPLEMENTARY_MATERIALS.md,977a5312f52a641781c59cbd0bc90d2549d40f7ded74fa6e7a4f9220971199d3,3220,anonymous_repository_build,Added or regenerated by the anonymous repository builder.
GENERATED_OR_ALLOWLISTED_PROJECT_ARTIFACT,,verification/aggregation_from_common_recalculation.json,3fa291e9c95dca82e0c4aef978af5b2dea64e1b2d73404d6c06f269bb3dbdc8d,7492,anonymous_repository_build,Added or regenerated by the anonymous repository builder.
GENERATED_OR_ALLOWLISTED_PROJECT_ARTIFACT,,verification/cleaned_only_public_recalculation.json,dc27001668539265d17ef8e893a675afa3ba4fb618f229553ff35e710972b62e,22325,anonymous_repository_build,Added or regenerated by the anonymous repository builder.
