panel,plot_role,wave,wave_label,effect_family,effect_level,effect_label,sensitivity_family,sensitivity_family_label,scenario,detail,slope,lower,upper,interval_type,formal_p_or_q,descriptive_hc3_p,multiplicity_method,formal_significant,practically_material_abs_ge_0_20,original_inference_role,is_primary_scenario,n_rows,n_stimuli,scenarios_in_family,formal_quick,formal_bootstrap,formal_first_permutations,formal_second_exact_permutations,source_file
A,formal effect with concept-cluster bootstrap CI,首轮专家复核,Broad review,overall,all,Overall,,,,,0.231563853146348,0.132891458502626,0.3348070260576991,domain-stratified domain-by-concept cluster percentile bootstrap,0.0001999800019998,,none; formal overall permutation p,True,True,,False,1068.0,178.0,,False,5000,10000,32768,analysis\alignment_effects.csv
A,formal effect with concept-cluster bootstrap CI,首轮专家复核,Broad review,dimension,cc,Completeness,,,,,0.0831783034558942,-0.0549922070998055,0.2247971816615405,domain-stratified domain-by-concept cluster percentile bootstrap,0.2808719128087191,,Benjamini-Hochberg,False,False,,False,178.0,178.0,,False,5000,10000,32768,analysis\alignment_effects.csv
A,formal effect with concept-cluster bootstrap CI,首轮专家复核,Broad review,dimension,fa,Accuracy,,,,,0.3355566369576837,0.1144939050057554,0.5269299616789492,domain-stratified domain-by-concept cluster percentile bootstrap,0.0041995800419958,,Benjamini-Hochberg,True,True,,False,178.0,178.0,,False,5000,10000,32768,analysis\alignment_effects.csv
A,formal effect with concept-cluster bootstrap CI,首轮专家复核,Broad review,dimension,lc,Clarity,,,,,0.1696628855619289,0.0420466408959036,0.3047741725463351,domain-stratified domain-by-concept cluster percentile bootstrap,0.0274472552744725,,Benjamini-Hochberg,True,False,,False,178.0,178.0,,False,5000,10000,32768,analysis\alignment_effects.csv
A,formal effect with concept-cluster bootstrap CI,首轮专家复核,Broad review,dimension,mq,Misconception handling,,,,,0.1203910550458593,0.0026787742498146,0.2318203763909908,domain-stratified domain-by-concept cluster percentile bootstrap,0.0314368563143685,,Benjamini-Hochberg,True,False,,False,178.0,178.0,,False,5000,10000,32768,analysis\alignment_effects.csv
A,formal effect with concept-cluster bootstrap CI,首轮专家复核,Broad review,dimension,risk,Misleading risk,,,,,0.2559745456364498,0.0720262147422532,0.4332446733883928,domain-stratified domain-by-concept cluster percentile bootstrap,0.0145985401459854,,Benjamini-Hochberg,True,True,,False,178.0,178.0,,False,5000,10000,32768,analysis\alignment_effects.csv
A,formal effect with concept-cluster bootstrap CI,首轮专家复核,Broad review,dimension,tf,Task fit,,,,,0.3671864367811188,0.2563183629050349,0.5000210943323399,domain-stratified domain-by-concept cluster percentile bootstrap,0.0005999400059994,,Benjamini-Hochberg,True,True,,False,178.0,178.0,,False,5000,10000,32768,analysis\alignment_effects.csv
A,formal effect with concept-cluster bootstrap CI,二次专家复核,Selected re-annotation,overall,all,Overall,,,,,0.6345162910252145,0.3222132781750952,0.8398278692420174,descriptive domain-stratified domain-by-concept cluster percentile bootstrap,0.00872802734375,,none; formal overall permutation p,True,True,,False,180.0,30.0,,False,5000,10000,32768,analysis\alignment_effects.csv
A,formal effect with concept-cluster bootstrap CI,二次专家复核,Selected re-annotation,dimension,cc,Completeness,,,,,0.5367396425072375,0.1615239877135693,0.9294283400961382,descriptive domain-stratified domain-by-concept cluster percentile bootstrap,0.069580078125,,Benjamini-Hochberg,False,True,,False,30.0,30.0,,False,5000,10000,32768,analysis\alignment_effects.csv
A,formal effect with concept-cluster bootstrap CI,二次专家复核,Selected re-annotation,dimension,fa,Accuracy,,,,,0.7481928658728982,0.1879536664557867,0.9829177127875384,descriptive domain-stratified domain-by-concept cluster percentile bootstrap,0.1240234375,,Benjamini-Hochberg,False,True,,False,30.0,30.0,,False,5000,10000,32768,analysis\alignment_effects.csv
A,formal effect with concept-cluster bootstrap CI,二次专家复核,Selected re-annotation,dimension,lc,Clarity,,,,,0.3284146349315232,-0.1629748945013208,0.7973512077507766,descriptive domain-stratified domain-by-concept cluster percentile bootstrap,0.355224609375,,Benjamini-Hochberg,False,True,,False,30.0,30.0,,False,5000,10000,32768,analysis\alignment_effects.csv
A,formal effect with concept-cluster bootstrap CI,二次专家复核,Selected re-annotation,dimension,mq,Misconception handling,,,,,0.7548431386453849,0.5174825278115562,1.119669309482173,descriptive domain-stratified domain-by-concept cluster percentile bootstrap,0.069580078125,,Benjamini-Hochberg,False,True,,False,30.0,30.0,,False,5000,10000,32768,analysis\alignment_effects.csv
A,formal effect with concept-cluster bootstrap CI,二次专家复核,Selected re-annotation,dimension,risk,Misleading risk,,,,,0.7554476018900864,0.0273878400900117,1.0770672369956036,descriptive domain-stratified domain-by-concept cluster percentile bootstrap,0.13480224609375,,Benjamini-Hochberg,False,True,,False,30.0,30.0,,False,5000,10000,32768,analysis\alignment_effects.csv
A,formal effect with concept-cluster bootstrap CI,二次专家复核,Selected re-annotation,dimension,tf,Task fit,,,,,0.5102842392264564,-0.1129283584201481,0.9796924913171556,descriptive domain-stratified domain-by-concept cluster percentile bootstrap,0.13480224609375,,Benjamini-Hochberg,False,True,,False,30.0,30.0,,False,5000,10000,32768,analysis\alignment_effects.csv
B,prespecified sensitivity slope point,二次专家复核,Selected re-annotation,,,,QC panel,QC threshold,final_primary,frozen one-factor QC change,0.6345162910252145,0.4581775712896454,0.8108550107607835,descriptive HC3 interval; not plotted and not significance encoded,,1.7572957151812296e-12,none; descriptive only,False,True,descriptive_HC3_only,True,180.0,30.0,,False,5000,10000,32768,analysis\alignment_sensitivity.csv
B,prespecified sensitivity slope point,首轮专家复核,Broad review,,,,QC panel,QC threshold,final_primary,frozen one-factor QC change,0.231563853146348,0.1519411300820993,0.3111865762105967,descriptive HC3 interval; not plotted and not significance encoded,,1.1974309227586925e-08,none; descriptive only,False,True,descriptive_HC3_only,True,1068.0,178.0,,False,5000,10000,32768,analysis\alignment_sensitivity.csv
B,prespecified sensitivity slope point,首轮专家复核,Broad review,,,,QC panel,QC threshold,threshold_70,frozen one-factor QC change,0.231563853146348,0.1519411300820993,0.3111865762105967,descriptive HC3 interval; not plotted and not significance encoded,,1.1974309227586925e-08,none; descriptive only,False,True,descriptive_HC3_only,False,1068.0,178.0,,False,5000,10000,32768,analysis\alignment_sensitivity.csv
B,prespecified sensitivity slope point,首轮专家复核,Broad review,,,,QC panel,QC threshold,threshold_80,frozen one-factor QC change,0.2244301427121718,0.131079594265435,0.3177806911589087,descriptive HC3 interval; not plotted and not significance encoded,,2.452043718889935e-06,none; descriptive only,False,True,descriptive_HC3_only,False,1068.0,178.0,,False,5000,10000,32768,analysis\alignment_sensitivity.csv
B,prespecified sensitivity slope point,首轮专家复核,Broad review,,,,QC panel,QC threshold,threshold_90,frozen one-factor QC change,0.2385134606621521,0.1119044152200596,0.3651225061042447,descriptive HC3 interval; not plotted and not significance encoded,,0.0002222405185057,none; descriptive only,False,True,descriptive_HC3_only,False,852.0,142.0,,False,5000,10000,32768,analysis\alignment_sensitivity.csv
B,prespecified sensitivity slope point,首轮专家复核,Broad review,,,,QC panel,QC threshold,threshold_95,frozen one-factor QC change,0.2970479243978361,0.1352517386071137,0.4588441101885586,descriptive HC3 interval; not plotted and not significance encoded,,0.0003202125756447,none; descriptive only,False,True,descriptive_HC3_only,False,852.0,142.0,,False,5000,10000,32768,analysis\alignment_sensitivity.csv
B,prespecified sensitivity slope point,二次专家复核,Selected re-annotation,,,,QC panel,QC threshold,attention_only,frozen one-factor QC change,0.7002234512249078,0.5398894890809633,0.8605574133688523,descriptive HC3 interval; not plotted and not significance encoded,,1.1314855998675926e-17,none; descriptive only,False,True,descriptive_HC3_only,False,180.0,30.0,,False,5000,10000,32768,analysis\alignment_sensitivity.csv
B,prespecified sensitivity slope point,首轮专家复核,Broad review,,,,QC panel,QC threshold,attention_only,frozen one-factor QC change,0.231563853146348,0.1519411300820993,0.3111865762105967,descriptive HC3 interval; not plotted and not significance encoded,,1.1974309227586925e-08,none; descriptive only,False,True,descriptive_HC3_only,False,1068.0,178.0,,False,5000,10000,32768,analysis\alignment_sensitivity.csv
B,prespecified sensitivity slope point,首轮专家复核,Broad review,,,,QC panel,QC threshold,strict_first_both_pairs,frozen one-factor QC change,0.2367705046135423,0.144641258771453,0.3288997504556317,descriptive HC3 interval; not plotted and not significance encoded,,4.727065492964246e-07,none; descriptive only,False,True,descriptive_HC3_only,False,1068.0,178.0,,False,5000,10000,32768,analysis\alignment_sensitivity.csv
B,prespecified sensitivity slope point,二次专家复核,Selected re-annotation,,,,QC panel,QC threshold,second_case05_case07_mean,frozen one-factor QC change,0.6370691114927528,0.4597645521192537,0.8143736708662519,descriptive HC3 interval; not plotted and not significance encoded,,1.890874313773583e-12,none; descriptive only,False,True,descriptive_HC3_only,False,180.0,30.0,,False,5000,10000,32768,analysis\alignment_sensitivity.csv
B,prespecified sensitivity slope point,首轮专家复核,Broad review,,,,API aggregation,API score / UID,ensemble_mean,all current ratings; complete 9/9 per UID,0.231563853146348,0.1519411300820993,0.3111865762105967,descriptive HC3 interval; not plotted and not significance encoded,,1.1974309227586925e-08,none; descriptive only,False,True,descriptive_HC3_only,True,1068.0,178.0,,False,5000,10000,32768,analysis\alignment_sensitivity.csv
B,prespecified sensitivity slope point,二次专家复核,Selected re-annotation,,,,API aggregation,API score / UID,ensemble_mean,all current ratings; complete 9/9 per UID,0.6345162910252145,0.4581775712896454,0.8108550107607835,descriptive HC3 interval; not plotted and not significance encoded,,1.7572957151812296e-12,none; descriptive only,False,True,descriptive_HC3_only,True,180.0,30.0,,False,5000,10000,32768,analysis\alignment_sensitivity.csv
B,prespecified sensitivity slope point,首轮专家复核,Broad review,,,,API aggregation,API score / UID,equivalence_class_median,median across all current ratings from every text-equivalent UID,0.1544489956197484,0.0964847949600407,0.2124131962794562,descriptive HC3 interval; not plotted and not significance encoded,,1.765822822412674e-07,none; descriptive only,False,False,descriptive_HC3_only,False,1068.0,178.0,,False,5000,10000,32768,analysis\alignment_sensitivity.csv
B,prespecified sensitivity slope point,二次专家复核,Selected re-annotation,,,,API aggregation,API score / UID,equivalence_class_median,median across all current ratings from every text-equivalent UID,0.3983776602527821,0.2558694547460931,0.5408858657594712,descriptive HC3 interval; not plotted and not significance encoded,,4.276785560335975e-08,none; descriptive only,False,True,descriptive_HC3_only,False,180.0,30.0,,False,5000,10000,32768,analysis\alignment_sensitivity.csv
B,prespecified sensitivity slope point,首轮专家复核,Broad review,,,,API aggregation,API score / UID,coverage_complete_9_of_9,retain UIDs with 9/9 current judges,0.231563853146348,0.1519411300820993,0.3111865762105967,descriptive HC3 interval; not plotted and not significance encoded,,1.1974309227586925e-08,none; descriptive only,False,True,descriptive_HC3_only,False,1068.0,178.0,,False,5000,10000,32768,analysis\alignment_sensitivity.csv
B,prespecified sensitivity slope point,二次专家复核,Selected re-annotation,,,,API aggregation,API score / UID,coverage_complete_9_of_9,retain UIDs with 9/9 current judges,0.6345162910252145,0.4581775712896454,0.8108550107607835,descriptive HC3 interval; not plotted and not significance encoded,,1.7572957151812296e-12,none; descriptive only,False,True,descriptive_HC3_only,False,180.0,30.0,,False,5000,10000,32768,analysis\alignment_sensitivity.csv
B,prespecified sensitivity slope point,首轮专家复核,Broad review,,,,API aggregation,API score / UID,coverage_at_least_7_of_9,retain UIDs with >=7/9 current judges,0.231563853146348,0.1519411300820993,0.3111865762105967,descriptive HC3 interval; not plotted and not significance encoded,,1.1974309227586925e-08,none; descriptive only,False,True,descriptive_HC3_only,False,1068.0,178.0,,False,5000,10000,32768,analysis\alignment_sensitivity.csv
B,prespecified sensitivity slope point,二次专家复核,Selected re-annotation,,,,API aggregation,API score / UID,coverage_at_least_7_of_9,retain UIDs with >=7/9 current judges,0.6345162910252145,0.4581775712896454,0.8108550107607835,descriptive HC3 interval; not plotted and not significance encoded,,1.7572957151812296e-12,none; descriptive only,False,True,descriptive_HC3_only,False,180.0,30.0,,False,5000,10000,32768,analysis\alignment_sensitivity.csv
B,prespecified sensitivity slope point,首轮专家复核,Broad review,,,,risk direction,Risk coding,risk_both_raw_high_is_risk,both human and API risk left in raw high-is-risk direction,0.2559745456364497,0.0173705206327484,0.494578570640151,descriptive HC3 interval; not plotted and not significance encoded,,0.0354963254610815,none; descriptive only,False,True,descriptive_HC3_only,False,178.0,178.0,,False,5000,10000,32768,analysis\alignment_sensitivity.csv
B,prespecified sensitivity slope point,二次专家复核,Selected re-annotation,,,,risk direction,Risk coding,risk_both_raw_high_is_risk,both human and API risk left in raw high-is-risk direction,0.7554476018900865,-0.0578227665197004,1.5687179702998737,descriptive HC3 interval; not plotted and not significance encoded,,0.068665801314003,none; descriptive only,False,True,descriptive_HC3_only,False,30.0,30.0,,False,5000,10000,32768,analysis\alignment_sensitivity.csv
B,prespecified sensitivity slope point,首轮专家复核,Broad review,,,,leave-one-judge-out,Drop judge,exclude::Claude Sonnet 4.6,eight-judge equivalent-stimulus mean,0.2334281511040074,0.1543179216007743,0.3125383806072406,descriptive HC3 interval; not plotted and not significance encoded,,7.329013837379086e-09,none; descriptive only,False,True,descriptive_HC3_only,False,1068.0,178.0,,False,5000,10000,32768,analysis\alignment_sensitivity.csv
B,prespecified sensitivity slope point,二次专家复核,Selected re-annotation,,,,leave-one-judge-out,Drop judge,exclude::Claude Sonnet 4.6,eight-judge equivalent-stimulus mean,0.6123159786061575,0.4439007289624345,0.7807312282498805,descriptive HC3 interval; not plotted and not significance encoded,,1.0337140166365165e-12,none; descriptive only,False,True,descriptive_HC3_only,False,180.0,30.0,,False,5000,10000,32768,analysis\alignment_sensitivity.csv
B,prespecified sensitivity slope point,首轮专家复核,Broad review,,,,leave-one-judge-out,Drop judge,exclude::DeepSeek-V4 Expert Mode,eight-judge equivalent-stimulus mean,0.2188744130702044,0.1401794171525718,0.2975694089878369,descriptive HC3 interval; not plotted and not significance encoded,,5.001746195132399e-08,none; descriptive only,False,True,descriptive_HC3_only,False,1068.0,178.0,,False,5000,10000,32768,analysis\alignment_sensitivity.csv
B,prespecified sensitivity slope point,二次专家复核,Selected re-annotation,,,,leave-one-judge-out,Drop judge,exclude::DeepSeek-V4 Expert Mode,eight-judge equivalent-stimulus mean,0.6149667806663677,0.4306033331703277,0.7993302281624076,descriptive HC3 interval; not plotted and not significance encoded,,6.247245754777029e-11,none; descriptive only,False,True,descriptive_HC3_only,False,180.0,30.0,,False,5000,10000,32768,analysis\alignment_sensitivity.csv
B,prespecified sensitivity slope point,首轮专家复核,Broad review,,,,leave-one-judge-out,Drop judge,exclude::Doubao 2.0 Pro,eight-judge equivalent-stimulus mean,0.2245788122633086,0.1451994165379599,0.3039582079886573,descriptive HC3 interval; not plotted and not significance encoded,,2.9379263773286096e-08,none; descriptive only,False,True,descriptive_HC3_only,False,1068.0,178.0,,False,5000,10000,32768,analysis\alignment_sensitivity.csv
B,prespecified sensitivity slope point,二次专家复核,Selected re-annotation,,,,leave-one-judge-out,Drop judge,exclude::Doubao 2.0 Pro,eight-judge equivalent-stimulus mean,0.6673439050847018,0.4938168235090785,0.840870986660325,descriptive HC3 interval; not plotted and not significance encoded,,4.7886262063179917e-14,none; descriptive only,False,True,descriptive_HC3_only,False,180.0,30.0,,False,5000,10000,32768,analysis\alignment_sensitivity.csv
B,prespecified sensitivity slope point,首轮专家复核,Broad review,,,,leave-one-judge-out,Drop judge,exclude::GLM-5.1,eight-judge equivalent-stimulus mean,0.2365153210072784,0.1584348656873151,0.3145957763272416,descriptive HC3 interval; not plotted and not significance encoded,,2.9033345722638e-09,none; descriptive only,False,True,descriptive_HC3_only,False,1068.0,178.0,,False,5000,10000,32768,analysis\alignment_sensitivity.csv
B,prespecified sensitivity slope point,二次专家复核,Selected re-annotation,,,,leave-one-judge-out,Drop judge,exclude::GLM-5.1,eight-judge equivalent-stimulus mean,0.6286915396274542,0.4519202509117751,0.8054628283431332,descriptive HC3 interval; not plotted and not significance encoded,,3.1545468421489557e-12,none; descriptive only,False,True,descriptive_HC3_only,False,180.0,30.0,,False,5000,10000,32768,analysis\alignment_sensitivity.csv
B,prespecified sensitivity slope point,首轮专家复核,Broad review,,,,leave-one-judge-out,Drop judge,exclude::GPT-5.5 Thinking,eight-judge equivalent-stimulus mean,0.2163688171942445,0.1401540383829486,0.2925835960055404,descriptive HC3 interval; not plotted and not significance encoded,,2.6334158324680064e-08,none; descriptive only,False,True,descriptive_HC3_only,False,1068.0,178.0,,False,5000,10000,32768,analysis\alignment_sensitivity.csv
B,prespecified sensitivity slope point,二次专家复核,Selected re-annotation,,,,leave-one-judge-out,Drop judge,exclude::GPT-5.5 Thinking,eight-judge equivalent-stimulus mean,0.5987022020753365,0.4244315465100662,0.7729728576406069,descriptive HC3 interval; not plotted and not significance encoded,,1.657388707467557e-11,none; descriptive only,False,True,descriptive_HC3_only,False,180.0,30.0,,False,5000,10000,32768,analysis\alignment_sensitivity.csv
B,prespecified sensitivity slope point,首轮专家复核,Broad review,,,,leave-one-judge-out,Drop judge,exclude::Gemini 3.1 Pro,eight-judge equivalent-stimulus mean,0.2128874130479685,0.1362341140941867,0.2895407120017502,descriptive HC3 interval; not plotted and not significance encoded,,5.228421255098153e-08,none; descriptive only,False,True,descriptive_HC3_only,False,1068.0,178.0,,False,5000,10000,32768,analysis\alignment_sensitivity.csv
B,prespecified sensitivity slope point,二次专家复核,Selected re-annotation,,,,leave-one-judge-out,Drop judge,exclude::Gemini 3.1 Pro,eight-judge equivalent-stimulus mean,0.6227963764375928,0.4504061006579535,0.7951866522172321,descriptive HC3 interval; not plotted and not significance encoded,,1.4334021216570945e-12,none; descriptive only,False,True,descriptive_HC3_only,False,180.0,30.0,,False,5000,10000,32768,analysis\alignment_sensitivity.csv
B,prespecified sensitivity slope point,首轮专家复核,Broad review,,,,leave-one-judge-out,Drop judge,exclude::Kimi K2.6 Thinking,eight-judge equivalent-stimulus mean,0.2317173196870382,0.1513518557901767,0.3120827835838997,descriptive HC3 interval; not plotted and not significance encoded,,1.5937435725514658e-08,none; descriptive only,False,True,descriptive_HC3_only,False,1068.0,178.0,,False,5000,10000,32768,analysis\alignment_sensitivity.csv
B,prespecified sensitivity slope point,二次专家复核,Selected re-annotation,,,,leave-one-judge-out,Drop judge,exclude::Kimi K2.6 Thinking,eight-judge equivalent-stimulus mean,0.6141338644526484,0.4427312609247215,0.7855364679805753,descriptive HC3 interval; not plotted and not significance encoded,,2.1788319021295682e-12,none; descriptive only,False,True,descriptive_HC3_only,False,180.0,30.0,,False,5000,10000,32768,analysis\alignment_sensitivity.csv
B,prespecified sensitivity slope point,首轮专家复核,Broad review,,,,leave-one-judge-out,Drop judge,exclude::Mimo v2.5 Pro,eight-judge equivalent-stimulus mean,0.2305165498091448,0.1495911078261858,0.3114419917921039,descriptive HC3 interval; not plotted and not significance encoded,,2.3644855787574723e-08,none; descriptive only,False,True,descriptive_HC3_only,False,1068.0,178.0,,False,5000,10000,32768,analysis\alignment_sensitivity.csv
B,prespecified sensitivity slope point,二次专家复核,Selected re-annotation,,,,leave-one-judge-out,Drop judge,exclude::Mimo v2.5 Pro,eight-judge equivalent-stimulus mean,0.5834307446033056,0.3974756101708577,0.7693858790357534,descriptive HC3 interval; not plotted and not significance encoded,,7.780101689927825e-10,none; descriptive only,False,True,descriptive_HC3_only,False,180.0,30.0,,False,5000,10000,32768,analysis\alignment_sensitivity.csv
B,prespecified sensitivity slope point,首轮专家复核,Broad review,,,,leave-one-judge-out,Drop judge,exclude::Qwen3.5 Thinking,eight-judge equivalent-stimulus mean,0.2308730329383352,0.1527952942308513,0.3089507716458191,descriptive HC3 interval; not plotted and not significance encoded,,6.810080048793402e-09,none; descriptive only,False,True,descriptive_HC3_only,False,1068.0,178.0,,False,5000,10000,32768,analysis\alignment_sensitivity.csv
B,prespecified sensitivity slope point,二次专家复核,Selected re-annotation,,,,leave-one-judge-out,Drop judge,exclude::Qwen3.5 Thinking,eight-judge equivalent-stimulus mean,0.6497500655738083,0.4719270883424362,0.8275730428051804,descriptive HC3 interval; not plotted and not significance encoded,,7.97745402672291e-13,none; descriptive only,False,True,descriptive_HC3_only,False,180.0,30.0,,False,5000,10000,32768,analysis\alignment_sensitivity.csv
B,prespecified sensitivity slope point,首轮专家复核,Broad review,,,,leave-one-generator-out,Drop generator,exclude::Alibaba Qwen,generator omitted before stimulus-signature pooling,0.199346781832092,0.1335206146056465,0.2651729490585375,descriptive HC3 interval; not plotted and not significance encoded,,2.929161352749615e-09,none; descriptive only,False,False,descriptive_HC3_only,False,978.0,163.0,,False,5000,10000,32768,analysis\alignment_sensitivity.csv
B,prespecified sensitivity slope point,二次专家复核,Selected re-annotation,,,,leave-one-generator-out,Drop generator,exclude::Alibaba Qwen,generator omitted before stimulus-signature pooling,0.5436978444648217,0.3607320791343306,0.7266636097953129,descriptive HC3 interval; not plotted and not significance encoded,,5.73887301683365e-09,none; descriptive only,False,True,descriptive_HC3_only,False,162.0,27.0,,False,5000,10000,32768,analysis\alignment_sensitivity.csv
B,prespecified sensitivity slope point,首轮专家复核,Broad review,,,,leave-one-generator-out,Drop generator,exclude::Anthropic Claude,generator omitted before stimulus-signature pooling,0.2474300573532722,0.1615172532961819,0.3333428614103626,descriptive HC3 interval; not plotted and not significance encoded,,1.6544718276147147e-08,none; descriptive only,False,True,descriptive_HC3_only,False,948.0,158.0,,False,5000,10000,32768,analysis\alignment_sensitivity.csv
B,prespecified sensitivity slope point,二次专家复核,Selected re-annotation,,,,leave-one-generator-out,Drop generator,exclude::Anthropic Claude,generator omitted before stimulus-signature pooling,0.6420389672944199,0.4632328143398239,0.8208451202490159,descriptive HC3 interval; not plotted and not significance encoded,,1.95523691363872e-12,none; descriptive only,False,True,descriptive_HC3_only,False,168.0,28.0,,False,5000,10000,32768,analysis\alignment_sensitivity.csv
B,prespecified sensitivity slope point,首轮专家复核,Broad review,,,,leave-one-generator-out,Drop generator,exclude::ByteDance Doubao,generator omitted before stimulus-signature pooling,0.2376065282167141,0.1407741604884822,0.3344388959449461,descriptive HC3 interval; not plotted and not significance encoded,,1.5142586250941371e-06,none; descriptive only,False,True,descriptive_HC3_only,False,894.0,149.0,,False,5000,10000,32768,analysis\alignment_sensitivity.csv
B,prespecified sensitivity slope point,二次专家复核,Selected re-annotation,,,,leave-one-generator-out,Drop generator,exclude::ByteDance Doubao,generator omitted before stimulus-signature pooling,0.5708224262061112,0.376904850450011,0.7647400019622115,descriptive HC3 interval; not plotted and not significance encoded,,7.954615033472651e-09,none; descriptive only,False,True,descriptive_HC3_only,False,144.0,24.0,,False,5000,10000,32768,analysis\alignment_sensitivity.csv
B,prespecified sensitivity slope point,首轮专家复核,Broad review,,,,leave-one-generator-out,Drop generator,exclude::DeepSeek,generator omitted before stimulus-signature pooling,0.2398184479718098,0.1579719201101144,0.3216649758335053,descriptive HC3 interval; not plotted and not significance encoded,,9.307476728668164e-09,none; descriptive only,False,True,descriptive_HC3_only,False,978.0,163.0,,False,5000,10000,32768,analysis\alignment_sensitivity.csv
B,prespecified sensitivity slope point,二次专家复核,Selected re-annotation,,,,leave-one-generator-out,Drop generator,exclude::DeepSeek,generator omitted before stimulus-signature pooling,0.6712123300290816,0.4909933368407365,0.8514313232174268,descriptive HC3 interval; not plotted and not significance encoded,,2.883219631785822e-13,none; descriptive only,False,True,descriptive_HC3_only,False,156.0,26.0,,False,5000,10000,32768,analysis\alignment_sensitivity.csv
B,prespecified sensitivity slope point,首轮专家复核,Broad review,,,,leave-one-generator-out,Drop generator,exclude::Google Gemini,generator omitted before stimulus-signature pooling,0.2125518844276121,0.1238712188850195,0.3012325499702048,descriptive HC3 interval; not plotted and not significance encoded,,2.6312382816668133e-06,none; descriptive only,False,True,descriptive_HC3_only,False,894.0,149.0,,False,5000,10000,32768,analysis\alignment_sensitivity.csv
B,prespecified sensitivity slope point,二次专家复核,Selected re-annotation,,,,leave-one-generator-out,Drop generator,exclude::Google Gemini,generator omitted before stimulus-signature pooling,0.6219543907274536,0.4344821221933301,0.8094266592615771,descriptive HC3 interval; not plotted and not significance encoded,,7.908074399829738e-11,none; descriptive only,False,True,descriptive_HC3_only,False,156.0,26.0,,False,5000,10000,32768,analysis\alignment_sensitivity.csv
B,prespecified sensitivity slope point,首轮专家复核,Broad review,,,,leave-one-generator-out,Drop generator,exclude::Mimo,generator omitted before stimulus-signature pooling,0.239401497143347,0.1570611506386198,0.3217418436480742,descriptive HC3 interval; not plotted and not significance encoded,,1.208502289045765e-08,none; descriptive only,False,True,descriptive_HC3_only,False,954.0,159.0,,False,5000,10000,32768,analysis\alignment_sensitivity.csv
B,prespecified sensitivity slope point,二次专家复核,Selected re-annotation,,,,leave-one-generator-out,Drop generator,exclude::Mimo,generator omitted before stimulus-signature pooling,0.6280484747077697,0.4407908720867991,0.8153060773287403,descriptive HC3 interval; not plotted and not significance encoded,,4.9120438616150497e-11,none; descriptive only,False,True,descriptive_HC3_only,False,168.0,28.0,,False,5000,10000,32768,analysis\alignment_sensitivity.csv
B,prespecified sensitivity slope point,首轮专家复核,Broad review,,,,leave-one-generator-out,Drop generator,exclude::Moonshot Kimi,generator omitted before stimulus-signature pooling,0.2201765594728936,0.1360896477009192,0.3042634712448679,descriptive HC3 interval; not plotted and not significance encoded,,2.866053042483899e-07,none; descriptive only,False,True,descriptive_HC3_only,False,1014.0,169.0,,False,5000,10000,32768,analysis\alignment_sensitivity.csv
B,prespecified sensitivity slope point,二次专家复核,Selected re-annotation,,,,leave-one-generator-out,Drop generator,exclude::Moonshot Kimi,generator omitted before stimulus-signature pooling,0.6718985458043073,0.4554110825900177,0.8883860090185969,descriptive HC3 interval; not plotted and not significance encoded,,1.1794172787906768e-09,none; descriptive only,False,True,descriptive_HC3_only,False,156.0,26.0,,False,5000,10000,32768,analysis\alignment_sensitivity.csv
B,prespecified sensitivity slope point,首轮专家复核,Broad review,,,,leave-one-generator-out,Drop generator,exclude::OpenAI GPT,generator omitted before stimulus-signature pooling,0.2506595037135527,0.1653999014867614,0.3359191059403439,descriptive HC3 interval; not plotted and not significance encoded,,8.302037772464646e-09,none; descriptive only,False,True,descriptive_HC3_only,False,978.0,163.0,,False,5000,10000,32768,analysis\alignment_sensitivity.csv
B,prespecified sensitivity slope point,二次专家复核,Selected re-annotation,,,,leave-one-generator-out,Drop generator,exclude::OpenAI GPT,generator omitted before stimulus-signature pooling,0.6481987633768657,0.4630361467306776,0.8333613800230537,descriptive HC3 interval; not plotted and not significance encoded,,6.826257525394483e-12,none; descriptive only,False,True,descriptive_HC3_only,False,174.0,29.0,,False,5000,10000,32768,analysis\alignment_sensitivity.csv
B,prespecified sensitivity slope point,首轮专家复核,Broad review,,,,leave-one-generator-out,Drop generator,exclude::Zhipu GLM,generator omitted before stimulus-signature pooling,0.2317091699093884,0.145734329690628,0.3176840101281488,descriptive HC3 interval; not plotted and not significance encoded,,1.27598570237194e-07,none; descriptive only,False,True,descriptive_HC3_only,False,924.0,154.0,,False,5000,10000,32768,analysis\alignment_sensitivity.csv
B,prespecified sensitivity slope point,二次专家复核,Selected re-annotation,,,,leave-one-generator-out,Drop generator,exclude::Zhipu GLM,generator omitted before stimulus-signature pooling,0.7439787240937645,0.5679629848629004,0.9199944633246286,descriptive HC3 interval; not plotted and not significance encoded,,1.1878131133007736e-16,none; descriptive only,False,True,descriptive_HC3_only,False,162.0,27.0,,False,5000,10000,32768,analysis\alignment_sensitivity.csv
B,prespecified sensitivity slope point,首轮专家复核,Broad review,,,,API aggregation,API score / UID,scheduled_source_uid_mean,nine current judges for the crosswalk-scheduled source UID only,0.2328861272468959,0.1537335129273543,0.3120387415664375,descriptive HC3 interval; not plotted and not significance encoded,,8.084457355570336e-09,none; descriptive only,False,True,descriptive_HC3_only,False,1080.0,180.0,,False,5000,10000,32768,analysis\alignment_sensitivity.csv
B,prespecified sensitivity slope point,二次专家复核,Selected re-annotation,,,,API aggregation,API score / UID,scheduled_source_uid_mean,nine current judges for the crosswalk-scheduled source UID only,0.6275311514466387,0.4469004246456097,0.8081618782476677,descriptive HC3 interval; not plotted and not significance encoded,,9.818937974740545e-12,none; descriptive only,False,True,descriptive_HC3_only,False,180.0,30.0,,False,5000,10000,32768,analysis\alignment_sensitivity.csv
B,prespecified sensitivity slope point,首轮专家复核,Broad review,,,,leave-one-domain-out,Drop domain,exclude::Biology,analysis sample omits one domain,0.2458776930306943,0.1608548107218615,0.3309005753395271,descriptive HC3 interval; not plotted and not significance encoded,,1.44456853649331e-08,none; descriptive only,False,True,descriptive_HC3_only,False,852.0,142.0,,False,5000,10000,32768,analysis\alignment_sensitivity.csv
B,prespecified sensitivity slope point,首轮专家复核,Broad review,,,,leave-one-domain-out,Drop domain,exclude::Chemistry,analysis sample omits one domain,0.2547921076960535,0.1701596984493133,0.3394245169427937,descriptive HC3 interval; not plotted and not significance encoded,,3.621467250011022e-09,none; descriptive only,False,True,descriptive_HC3_only,False,852.0,142.0,,False,5000,10000,32768,analysis\alignment_sensitivity.csv
B,prespecified sensitivity slope point,首轮专家复核,Broad review,,,,leave-one-domain-out,Drop domain,exclude::Climate/Environment,analysis sample omits one domain,0.2330787483917182,0.1295132846507461,0.3366442121326903,descriptive HC3 interval; not plotted and not significance encoded,,1.0290032131865314e-05,none; descriptive only,False,True,descriptive_HC3_only,False,852.0,142.0,,False,5000,10000,32768,analysis\alignment_sensitivity.csv
B,prespecified sensitivity slope point,首轮专家复核,Broad review,,,,leave-one-domain-out,Drop domain,exclude::Geoscience,analysis sample omits one domain,0.2475068495597615,0.1508724656892393,0.3441412334302837,descriptive HC3 interval; not plotted and not significance encoded,,5.167174666197937e-07,none; descriptive only,False,True,descriptive_HC3_only,False,852.0,142.0,,False,5000,10000,32768,analysis\alignment_sensitivity.csv
B,prespecified sensitivity slope point,首轮专家复核,Broad review,,,,leave-one-domain-out,Drop domain,exclude::Physics,analysis sample omits one domain,0.1632840255990998,0.0948786913589535,0.2316893598392462,descriptive HC3 interval; not plotted and not significance encoded,,2.8905424148769857e-06,none; descriptive only,False,False,descriptive_HC3_only,False,864.0,144.0,,False,5000,10000,32768,analysis\alignment_sensitivity.csv
B,prespecified sensitivity slope point,二次专家复核,Selected re-annotation,,,,leave-one-domain-out,Drop domain,exclude::Biology,analysis sample omits one domain,0.689452923123386,0.5036338896905622,0.8752719565562098,descriptive HC3 interval; not plotted and not significance encoded,,3.5382428922147655e-13,none; descriptive only,False,True,descriptive_HC3_only,False,144.0,24.0,,False,5000,10000,32768,analysis\alignment_sensitivity.csv
B,prespecified sensitivity slope point,二次专家复核,Selected re-annotation,,,,leave-one-domain-out,Drop domain,exclude::Chemistry,analysis sample omits one domain,0.6286086073117002,0.4389838656155379,0.8182333490078625,descriptive HC3 interval; not plotted and not significance encoded,,8.177029303158743e-11,none; descriptive only,False,True,descriptive_HC3_only,False,144.0,24.0,,False,5000,10000,32768,analysis\alignment_sensitivity.csv
B,prespecified sensitivity slope point,二次专家复核,Selected re-annotation,,,,leave-one-domain-out,Drop domain,exclude::Climate/Environment,analysis sample omits one domain,0.6357829737646934,0.4360685790990863,0.8354973684303004,descriptive HC3 interval; not plotted and not significance encoded,,4.39059368513544e-10,none; descriptive only,False,True,descriptive_HC3_only,False,144.0,24.0,,False,5000,10000,32768,analysis\alignment_sensitivity.csv
B,prespecified sensitivity slope point,二次专家复核,Selected re-annotation,,,,leave-one-domain-out,Drop domain,exclude::Geoscience,analysis sample omits one domain,0.7010846124814686,0.4975853427348945,0.9045838822280426,descriptive HC3 interval; not plotted and not significance encoded,,1.454581112842504e-11,none; descriptive only,False,True,descriptive_HC3_only,False,144.0,24.0,,False,5000,10000,32768,analysis\alignment_sensitivity.csv
B,prespecified sensitivity slope point,二次专家复核,Selected re-annotation,,,,leave-one-domain-out,Drop domain,exclude::Physics,analysis sample omits one domain,0.4488069535474503,0.2632276528534724,0.6343862542414284,descriptive HC3 interval; not plotted and not significance encoded,,2.1372060793615312e-06,none; descriptive only,False,True,descriptive_HC3_only,False,144.0,24.0,,False,5000,10000,32768,analysis\alignment_sensitivity.csv
B,prespecified sensitivity slope point,首轮专家复核,Broad review,,,,leave-one-concept-out,Drop concept,exclude::Biology||C13,one domain-by-concept cluster omitted,0.2263812902110414,0.1446361636118735,0.3081264168102094,descriptive HC3 interval; not plotted and not significance encoded,,5.704128005605666e-08,none; descriptive only,False,True,descriptive_HC3_only,False,1032.0,172.0,,False,5000,10000,32768,analysis\alignment_sensitivity.csv
B,prespecified sensitivity slope point,首轮专家复核,Broad review,,,,leave-one-concept-out,Drop concept,exclude::Biology||C14,one domain-by-concept cluster omitted,0.2470125741352713,0.1682598282110127,0.3257653200595299,descriptive HC3 interval; not plotted and not significance encoded,,7.869327096877895e-10,none; descriptive only,False,True,descriptive_HC3_only,False,1032.0,172.0,,False,5000,10000,32768,analysis\alignment_sensitivity.csv
B,prespecified sensitivity slope point,首轮专家复核,Broad review,,,,leave-one-concept-out,Drop concept,exclude::Biology||C15,one domain-by-concept cluster omitted,0.2445010468034102,0.1648215619351689,0.3241805316716516,descriptive HC3 interval; not plotted and not significance encoded,,1.8070877271310043e-09,none; descriptive only,False,True,descriptive_HC3_only,False,1032.0,172.0,,False,5000,10000,32768,analysis\alignment_sensitivity.csv
B,prespecified sensitivity slope point,首轮专家复核,Broad review,,,,leave-one-concept-out,Drop concept,exclude::Biology||C16,one domain-by-concept cluster omitted,0.225091186064312,0.1432641440265155,0.3069182281021084,descriptive HC3 interval; not plotted and not significance encoded,,6.987138525548582e-08,none; descriptive only,False,True,descriptive_HC3_only,False,1032.0,172.0,,False,5000,10000,32768,analysis\alignment_sensitivity.csv
B,prespecified sensitivity slope point,首轮专家复核,Broad review,,,,leave-one-concept-out,Drop concept,exclude::Biology||C17,one domain-by-concept cluster omitted,0.230922723755698,0.1505254647257653,0.3113199827856307,descriptive HC3 interval; not plotted and not significance encoded,,1.806825774757832e-08,none; descriptive only,False,True,descriptive_HC3_only,False,1032.0,172.0,,False,5000,10000,32768,analysis\alignment_sensitivity.csv
B,prespecified sensitivity slope point,首轮专家复核,Broad review,,,,leave-one-concept-out,Drop concept,exclude::Biology||C18,one domain-by-concept cluster omitted,0.2313345983021403,0.1508540508360337,0.3118151457682468,descriptive HC3 interval; not plotted and not significance encoded,,1.7633008771854716e-08,none; descriptive only,False,True,descriptive_HC3_only,False,1032.0,172.0,,False,5000,10000,32768,analysis\alignment_sensitivity.csv
B,prespecified sensitivity slope point,首轮专家复核,Broad review,,,,leave-one-concept-out,Drop concept,exclude::Chemistry||C07,one domain-by-concept cluster omitted,0.226279935723154,0.145802951043036,0.306756920403272,descriptive HC3 interval; not plotted and not significance encoded,,3.5700579659666875e-08,none; descriptive only,False,True,descriptive_HC3_only,False,1032.0,172.0,,False,5000,10000,32768,analysis\alignment_sensitivity.csv
B,prespecified sensitivity slope point,首轮专家复核,Broad review,,,,leave-one-concept-out,Drop concept,exclude::Chemistry||C08,one domain-by-concept cluster omitted,0.2358785275163485,0.1547992533933709,0.3169578016393262,descriptive HC3 interval; not plotted and not significance encoded,,1.184149907767932e-08,none; descriptive only,False,True,descriptive_HC3_only,False,1032.0,172.0,,False,5000,10000,32768,analysis\alignment_sensitivity.csv
B,prespecified sensitivity slope point,首轮专家复核,Broad review,,,,leave-one-concept-out,Drop concept,exclude::Chemistry||C09,one domain-by-concept cluster omitted,0.2388855315749705,0.1598244144492293,0.3179466487007117,descriptive HC3 interval; not plotted and not significance encoded,,3.178758789885806e-09,none; descriptive only,False,True,descriptive_HC3_only,False,1032.0,172.0,,False,5000,10000,32768,analysis\alignment_sensitivity.csv
B,prespecified sensitivity slope point,首轮专家复核,Broad review,,,,leave-one-concept-out,Drop concept,exclude::Chemistry||C10,one domain-by-concept cluster omitted,0.2356056734708949,0.1552148252887674,0.3159965216530224,descriptive HC3 interval; not plotted and not significance encoded,,9.237338386681294e-09,none; descriptive only,False,True,descriptive_HC3_only,False,1032.0,172.0,,False,5000,10000,32768,analysis\alignment_sensitivity.csv
B,prespecified sensitivity slope point,首轮专家复核,Broad review,,,,leave-one-concept-out,Drop concept,exclude::Chemistry||C11,one domain-by-concept cluster omitted,0.2388215023054471,0.1582172571082932,0.319425747502601,descriptive HC3 interval; not plotted and not significance encoded,,6.354237572684128e-09,none; descriptive only,False,True,descriptive_HC3_only,False,1032.0,172.0,,False,5000,10000,32768,analysis\alignment_sensitivity.csv
B,prespecified sensitivity slope point,首轮专家复核,Broad review,,,,leave-one-concept-out,Drop concept,exclude::Chemistry||C12,one domain-by-concept cluster omitted,0.2359782813151741,0.1543640092298832,0.3175925534004651,descriptive HC3 interval; not plotted and not significance encoded,,1.4531048656420529e-08,none; descriptive only,False,True,descriptive_HC3_only,False,1032.0,172.0,,False,5000,10000,32768,analysis\alignment_sensitivity.csv
B,prespecified sensitivity slope point,首轮专家复核,Broad review,,,,leave-one-concept-out,Drop concept,exclude::Climate/Environment||C25,one domain-by-concept cluster omitted,0.2174207909713075,0.1334629608124485,0.3013786211301664,descriptive HC3 interval; not plotted and not significance encoded,,3.8626165797460177e-07,none; descriptive only,False,True,descriptive_HC3_only,False,1032.0,172.0,,False,5000,10000,32768,analysis\alignment_sensitivity.csv
B,prespecified sensitivity slope point,首轮专家复核,Broad review,,,,leave-one-concept-out,Drop concept,exclude::Climate/Environment||C26,one domain-by-concept cluster omitted,0.2434069199532059,0.1606132351521124,0.3262006047542993,descriptive HC3 interval; not plotted and not significance encoded,,8.30540965984282e-09,none; descriptive only,False,True,descriptive_HC3_only,False,1032.0,172.0,,False,5000,10000,32768,analysis\alignment_sensitivity.csv
B,prespecified sensitivity slope point,首轮专家复核,Broad review,,,,leave-one-concept-out,Drop concept,exclude::Climate/Environment||C27,one domain-by-concept cluster omitted,0.2417155942626274,0.1580345687713254,0.3253966197539295,descriptive HC3 interval; not plotted and not significance encoded,,1.5012101641704536e-08,none; descriptive only,False,True,descriptive_HC3_only,False,1032.0,172.0,,False,5000,10000,32768,analysis\alignment_sensitivity.csv
B,prespecified sensitivity slope point,首轮专家复核,Broad review,,,,leave-one-concept-out,Drop concept,exclude::Climate/Environment||C28,one domain-by-concept cluster omitted,0.2248813757480973,0.1413149343400271,0.3084478171561676,descriptive HC3 interval; not plotted and not significance encoded,,1.3322102798978192e-07,none; descriptive only,False,True,descriptive_HC3_only,False,1032.0,172.0,,False,5000,10000,32768,analysis\alignment_sensitivity.csv
B,prespecified sensitivity slope point,首轮专家复核,Broad review,,,,leave-one-concept-out,Drop concept,exclude::Climate/Environment||C29,one domain-by-concept cluster omitted,0.2330990166382326,0.1518878727239422,0.314310160552523,descriptive HC3 interval; not plotted and not significance encoded,,1.8480801814870426e-08,none; descriptive only,False,True,descriptive_HC3_only,False,1032.0,172.0,,False,5000,10000,32768,analysis\alignment_sensitivity.csv
B,prespecified sensitivity slope point,首轮专家复核,Broad review,,,,leave-one-concept-out,Drop concept,exclude::Climate/Environment||C30,one domain-by-concept cluster omitted,0.2334493436805882,0.1514752854881398,0.3154234018730366,descriptive HC3 interval; not plotted and not significance encoded,,2.3821730193713063e-08,none; descriptive only,False,True,descriptive_HC3_only,False,1032.0,172.0,,False,5000,10000,32768,analysis\alignment_sensitivity.csv
B,prespecified sensitivity slope point,首轮专家复核,Broad review,,,,leave-one-concept-out,Drop concept,exclude::Geoscience||C19,one domain-by-concept cluster omitted,0.2334514782559272,0.1516609175271481,0.3152420389847064,descriptive HC3 interval; not plotted and not significance encoded,,2.215830284578384e-08,none; descriptive only,False,True,descriptive_HC3_only,False,1032.0,172.0,,False,5000,10000,32768,analysis\alignment_sensitivity.csv
B,prespecified sensitivity slope point,首轮专家复核,Broad review,,,,leave-one-concept-out,Drop concept,exclude::Geoscience||C20,one domain-by-concept cluster omitted,0.2283055109932407,0.1465801558931196,0.3100308660933618,descriptive HC3 interval; not plotted and not significance encoded,,4.36778796425555e-08,none; descriptive only,False,True,descriptive_HC3_only,False,1032.0,172.0,,False,5000,10000,32768,analysis\alignment_sensitivity.csv
B,prespecified sensitivity slope point,首轮专家复核,Broad review,,,,leave-one-concept-out,Drop concept,exclude::Geoscience||C21,one domain-by-concept cluster omitted,0.2428370766693546,0.1600069226955324,0.3256672306431769,descriptive HC3 interval; not plotted and not significance encoded,,9.13150345680174e-09,none; descriptive only,False,True,descriptive_HC3_only,False,1032.0,172.0,,False,5000,10000,32768,analysis\alignment_sensitivity.csv
B,prespecified sensitivity slope point,首轮专家复核,Broad review,,,,leave-one-concept-out,Drop concept,exclude::Geoscience||C22,one domain-by-concept cluster omitted,0.2361415862185089,0.154730971421175,0.3175522010158427,descriptive HC3 interval; not plotted and not significance encoded,,1.307218736245439e-08,none; descriptive only,False,True,descriptive_HC3_only,False,1032.0,172.0,,False,5000,10000,32768,analysis\alignment_sensitivity.csv
B,prespecified sensitivity slope point,首轮专家复核,Broad review,,,,leave-one-concept-out,Drop concept,exclude::Geoscience||C23,one domain-by-concept cluster omitted,0.2326853871129037,0.1505854143351936,0.3147853598906137,descriptive HC3 interval; not plotted and not significance encoded,,2.7781258051085813e-08,none; descriptive only,False,True,descriptive_HC3_only,False,1032.0,172.0,,False,5000,10000,32768,analysis\alignment_sensitivity.csv
B,prespecified sensitivity slope point,首轮专家复核,Broad review,,,,leave-one-concept-out,Drop concept,exclude::Geoscience||C24,one domain-by-concept cluster omitted,0.2273540054611811,0.1449897333413901,0.3097182775809721,descriptive HC3 interval; not plotted and not significance encoded,,6.296090063030772e-08,none; descriptive only,False,True,descriptive_HC3_only,False,1032.0,172.0,,False,5000,10000,32768,analysis\alignment_sensitivity.csv
B,prespecified sensitivity slope point,首轮专家复核,Broad review,,,,leave-one-concept-out,Drop concept,exclude::Physics||C01,one domain-by-concept cluster omitted,0.232995032950431,0.1522350867866039,0.3137549791142582,descriptive HC3 interval; not plotted and not significance encoded,,1.5624700266078066e-08,none; descriptive only,False,True,descriptive_HC3_only,False,1044.0,174.0,,False,5000,10000,32768,analysis\alignment_sensitivity.csv
B,prespecified sensitivity slope point,首轮专家复核,Broad review,,,,leave-one-concept-out,Drop concept,exclude::Physics||C02,one domain-by-concept cluster omitted,0.2356712436465294,0.1547773905901056,0.3165650967029533,descriptive HC3 interval; not plotted and not significance encoded,,1.1294951685986322e-08,none; descriptive only,False,True,descriptive_HC3_only,False,1032.0,172.0,,False,5000,10000,32768,analysis\alignment_sensitivity.csv
B,prespecified sensitivity slope point,首轮专家复核,Broad review,,,,leave-one-concept-out,Drop concept,exclude::Physics||C03,one domain-by-concept cluster omitted,0.2237769990400678,0.1408540489463791,0.3066999491337566,descriptive HC3 interval; not plotted and not significance encoded,,1.2286229283980133e-07,none; descriptive only,False,True,descriptive_HC3_only,False,1032.0,172.0,,False,5000,10000,32768,analysis\alignment_sensitivity.csv
B,prespecified sensitivity slope point,首轮专家复核,Broad review,,,,leave-one-concept-out,Drop concept,exclude::Physics||C04,one domain-by-concept cluster omitted,0.1842740092084404,0.1222805551309578,0.246267463285923,descriptive HC3 interval; not plotted and not significance encoded,,5.679049640042241e-09,none; descriptive only,False,False,descriptive_HC3_only,False,1032.0,172.0,,False,5000,10000,32768,analysis\alignment_sensitivity.csv
B,prespecified sensitivity slope point,首轮专家复核,Broad review,,,,leave-one-concept-out,Drop concept,exclude::Physics||C05,one domain-by-concept cluster omitted,0.223285342388836,0.1428980614674685,0.3036726233102035,descriptive HC3 interval; not plotted and not significance encoded,,5.208676590605744e-08,none; descriptive only,False,True,descriptive_HC3_only,False,1032.0,172.0,,False,5000,10000,32768,analysis\alignment_sensitivity.csv
B,prespecified sensitivity slope point,首轮专家复核,Broad review,,,,leave-one-concept-out,Drop concept,exclude::Physics||C06,one domain-by-concept cluster omitted,0.2353404983701422,0.1536043573122372,0.3170766394280473,descriptive HC3 interval; not plotted and not significance encoded,,1.6685288677892954e-08,none; descriptive only,False,True,descriptive_HC3_only,False,1032.0,172.0,,False,5000,10000,32768,analysis\alignment_sensitivity.csv
B,prespecified sensitivity slope point,二次专家复核,Selected re-annotation,,,,fixed item exclusion,Exclude P05,exclude_P05,remove the prespecified second-review P05 stimulus,0.5771241830589076,0.4067428021320061,0.747505563985809,descriptive HC3 interval; not plotted and not significance encoded,,3.160621011124215e-11,none; descriptive only,False,True,descriptive_HC3_only,False,174.0,29.0,,False,5000,10000,32768,analysis\alignment_sensitivity.csv
B,prespecified sensitivity slope point,二次专家复核,Selected re-annotation,,,,bootstrap cluster unit,Resample unit,second_domain_stratified_stimulus_bootstrap,six stimuli resampled with replacement within each domain; fixed original z constants,0.6345162910252145,0.285625440656109,0.9026189121761298,descriptive domain-stratified stimulus bootstrap interval; not significance encoded,,,none; descriptive only,False,True,descriptive_domain_stratified_item_bootstrap,False,180.0,30.0,,False,5000,10000,32768,analysis\alignment_sensitivity.csv
B,within-family slope median and min--max range,二次专家复核,Selected re-annotation,,,,QC panel,QC threshold,family_summary,median and min--max across all prespecified slope-comparable scenarios,0.6370691114927528,0.6345162910252145,0.7002234512249078,observed min--max across prespecified slopes; not a confidence interval,,,,False,False,,False,,,3.0,False,5000,10000,32768,analysis\alignment_sensitivity.csv
B,within-family slope median and min--max range,首轮专家复核,Broad review,,,,QC panel,QC threshold,family_summary,median and min--max across all prespecified slope-comparable scenarios,0.231563853146348,0.2244301427121718,0.2970479243978361,observed min--max across prespecified slopes; not a confidence interval,,,,False,False,,False,,,7.0,False,5000,10000,32768,analysis\alignment_sensitivity.csv
B,within-family slope median and min--max range,首轮专家复核,Broad review,,,,API aggregation,API score / UID,family_summary,median and min--max across all prespecified slope-comparable scenarios,0.231563853146348,0.1544489956197484,0.2328861272468959,observed min--max across prespecified slopes; not a confidence interval,,,,False,False,,False,,,5.0,False,5000,10000,32768,analysis\alignment_sensitivity.csv
B,within-family slope median and min--max range,二次专家复核,Selected re-annotation,,,,API aggregation,API score / UID,family_summary,median and min--max across all prespecified slope-comparable scenarios,0.6345162910252145,0.3983776602527821,0.6345162910252145,observed min--max across prespecified slopes; not a confidence interval,,,,False,False,,False,,,5.0,False,5000,10000,32768,analysis\alignment_sensitivity.csv
B,within-family slope median and min--max range,首轮专家复核,Broad review,,,,risk direction,Risk coding,family_summary,median and min--max across all prespecified slope-comparable scenarios,0.2559745456364497,0.2559745456364497,0.2559745456364497,observed min--max across prespecified slopes; not a confidence interval,,,,False,False,,False,,,1.0,False,5000,10000,32768,analysis\alignment_sensitivity.csv
B,within-family slope median and min--max range,二次专家复核,Selected re-annotation,,,,risk direction,Risk coding,family_summary,median and min--max across all prespecified slope-comparable scenarios,0.7554476018900865,0.7554476018900865,0.7554476018900865,observed min--max across prespecified slopes; not a confidence interval,,,,False,False,,False,,,1.0,False,5000,10000,32768,analysis\alignment_sensitivity.csv
B,within-family slope median and min--max range,首轮专家复核,Broad review,,,,leave-one-judge-out,Drop judge,family_summary,median and min--max across all prespecified slope-comparable scenarios,0.2305165498091448,0.2128874130479685,0.2365153210072784,observed min--max across prespecified slopes; not a confidence interval,,,,False,False,,False,,,9.0,False,5000,10000,32768,analysis\alignment_sensitivity.csv
B,within-family slope median and min--max range,二次专家复核,Selected re-annotation,,,,leave-one-judge-out,Drop judge,family_summary,median and min--max across all prespecified slope-comparable scenarios,0.6149667806663677,0.5834307446033056,0.6673439050847018,observed min--max across prespecified slopes; not a confidence interval,,,,False,False,,False,,,9.0,False,5000,10000,32768,analysis\alignment_sensitivity.csv
B,within-family slope median and min--max range,首轮专家复核,Broad review,,,,leave-one-generator-out,Drop generator,family_summary,median and min--max across all prespecified slope-comparable scenarios,0.2376065282167141,0.199346781832092,0.2506595037135527,observed min--max across prespecified slopes; not a confidence interval,,,,False,False,,False,,,9.0,False,5000,10000,32768,analysis\alignment_sensitivity.csv
B,within-family slope median and min--max range,二次专家复核,Selected re-annotation,,,,leave-one-generator-out,Drop generator,family_summary,median and min--max across all prespecified slope-comparable scenarios,0.6420389672944199,0.5436978444648217,0.7439787240937645,observed min--max across prespecified slopes; not a confidence interval,,,,False,False,,False,,,9.0,False,5000,10000,32768,analysis\alignment_sensitivity.csv
B,within-family slope median and min--max range,首轮专家复核,Broad review,,,,leave-one-domain-out,Drop domain,family_summary,median and min--max across all prespecified slope-comparable scenarios,0.2458776930306943,0.1632840255990998,0.2547921076960535,observed min--max across prespecified slopes; not a confidence interval,,,,False,False,,False,,,5.0,False,5000,10000,32768,analysis\alignment_sensitivity.csv
B,within-family slope median and min--max range,二次专家复核,Selected re-annotation,,,,leave-one-domain-out,Drop domain,family_summary,median and min--max across all prespecified slope-comparable scenarios,0.6357829737646934,0.4488069535474503,0.7010846124814686,observed min--max across prespecified slopes; not a confidence interval,,,,False,False,,False,,,5.0,False,5000,10000,32768,analysis\alignment_sensitivity.csv
B,within-family slope median and min--max range,首轮专家复核,Broad review,,,,leave-one-concept-out,Drop concept,family_summary,median and min--max across all prespecified slope-comparable scenarios,0.2332741801594104,0.1842740092084404,0.2470125741352713,observed min--max across prespecified slopes; not a confidence interval,,,,False,False,,False,,,30.0,False,5000,10000,32768,analysis\alignment_sensitivity.csv
B,within-family slope median and min--max range,二次专家复核,Selected re-annotation,,,,fixed item exclusion,Exclude P05,family_summary,median and min--max across all prespecified slope-comparable scenarios,0.5771241830589076,0.5771241830589076,0.5771241830589076,observed min--max across prespecified slopes; not a confidence interval,,,,False,False,,False,,,1.0,False,5000,10000,32768,analysis\alignment_sensitivity.csv
B,within-family slope median and min--max range,二次专家复核,Selected re-annotation,,,,bootstrap cluster unit,Resample unit,family_summary,median and min--max across all prespecified slope-comparable scenarios,0.6345162910252145,0.6345162910252145,0.6345162910252145,observed min--max across prespecified slopes; not a confidence interval,,,,False,False,,False,,,1.0,False,5000,10000,32768,analysis\alignment_sensitivity.csv
